Apprenticeships Timely Achievement Rates by Ethnicity,,,,,,,
,,,,,,,
Institution Type,Expected End Year,Age,Ethnicity,Apprenticeship Level,Apprenticeship Type,Timely Cohort,Timely Achievement Rate %
General FE and Tertiary College,2015/16,16-18,African,2,Intermediate,80,57.3
General FE and Tertiary College,2015/16,16-18,African,3,Advanced,120,76.1
General FE and Tertiary College,2015/16,16-18,African,All Levels,All,200,67.7
General FE and Tertiary College,2015/16,16-18,Any other Asian,2,Intermediate,80,60.5
General FE and Tertiary College,2015/16,16-18,Any other Asian,3,Advanced,100,68.0
General FE and Tertiary College,2015/16,16-18,Any other Asian,All Levels,All,180,64.8
General FE and Tertiary College,2015/16,16-18,Any other Black / African / Caribbean,2,Intermediate,60,55.2
General FE and Tertiary College,2015/16,16-18,Any other Black / African / Caribbean,3,Advanced,40,40.5
General FE and Tertiary College,2015/16,16-18,Any other Black / African / Caribbean,All Levels,All,100,49.0
General FE and Tertiary College,2015/16,16-18,Any other ethnic group,2,Intermediate,80,66.3
General FE and Tertiary College,2015/16,16-18,Any other ethnic group,3,Advanced,160,85.7
General FE and Tertiary College,2015/16,16-18,Any other ethnic group,All Levels,All,240,79.3
General FE and Tertiary College,2015/16,16-18,Any other mixed / multiple ethnic,2,Intermediate,100,56.9
General FE and Tertiary College,2015/16,16-18,Any other mixed / multiple ethnic,3,Advanced,50,52.8
General FE and Tertiary College,2015/16,16-18,Any other mixed / multiple ethnic,All Levels,All,160,55.8
General FE and Tertiary College,2015/16,16-18,Any other White,2,Intermediate,240,54.9
General FE and Tertiary College,2015/16,16-18,Any other White,3,Advanced,110,60.2
General FE and Tertiary College,2015/16,16-18,Any other White,All Levels,All,350,56.4
General FE and Tertiary College,2015/16,16-18,Arab,2,Intermediate,-,45.5
General FE and Tertiary College,2015/16,16-18,Arab,3,Advanced,-,100.0
General FE and Tertiary College,2015/16,16-18,Arab,All Levels,All,-,71.4
General FE and Tertiary College,2015/16,16-18,Bangladeshi,2,Intermediate,370,69.4
General FE and Tertiary College,2015/16,16-18,Bangladeshi,3,Advanced,60,44.8
General FE and Tertiary College,2015/16,16-18,Bangladeshi,All Levels,All,430,65.9
General FE and Tertiary College,2015/16,16-18,Caribbean,2,Intermediate,160,50.9
General FE and Tertiary College,2015/16,16-18,Caribbean,3,Advanced,70,49.3
General FE and Tertiary College,2015/16,16-18,Caribbean,All Levels,All,230,50.4
General FE and Tertiary College,2015/16,16-18,Chinese,2,Intermediate,-,53.8
General FE and Tertiary College,2015/16,16-18,Chinese,3,Advanced,-,60.0
General FE and Tertiary College,2015/16,16-18,Chinese,All Levels,All,-,55.6
General FE and Tertiary College,2015/16,16-18,English / Welsh / Scottish / Northern Irish / British,2,Intermediate,"24,610",62.1
General FE and Tertiary College,2015/16,16-18,English / Welsh / Scottish / Northern Irish / British,3,Advanced,"11,350",61.6
General FE and Tertiary College,2015/16,16-18,English / Welsh / Scottish / Northern Irish / British,4+,Higher,150,31.8
General FE and Tertiary College,2015/16,16-18,English / Welsh / Scottish / Northern Irish / British,All Levels,All,"36,110",61.8
General FE and Tertiary College,2015/16,16-18,Gypsy or Irish Traveller,2,Intermediate,-,45.0
General FE and Tertiary College,2015/16,16-18,Gypsy or Irish Traveller,3,Advanced,-,20.0
General FE and Tertiary College,2015/16,16-18,Gypsy or Irish Traveller,All Levels,All,-,40.0
General FE and Tertiary College,2015/16,16-18,Indian,2,Intermediate,170,62.5
General FE and Tertiary College,2015/16,16-18,Indian,3,Advanced,110,62.5
General FE and Tertiary College,2015/16,16-18,Indian,All Levels,All,280,62.1
General FE and Tertiary College,2015/16,16-18,Irish,2,Intermediate,50,51.9
General FE and Tertiary College,2015/16,16-18,Irish,3,Advanced,-,59.3
General FE and Tertiary College,2015/16,16-18,Irish,All Levels,All,80,54.4
General FE and Tertiary College,2015/16,16-18,Not Provided,2,Intermediate,290,65.7
General FE and Tertiary College,2015/16,16-18,Not Provided,3,Advanced,140,59.7
General FE and Tertiary College,2015/16,16-18,Not Provided,All Levels,All,440,64.1
General FE and Tertiary College,2015/16,16-18,Pakistani,2,Intermediate,260,61.8
General FE and Tertiary College,2015/16,16-18,Pakistani,3,Advanced,130,55.6
General FE and Tertiary College,2015/16,16-18,Pakistani,4+,Higher,-,20.0
General FE and Tertiary College,2015/16,16-18,Pakistani,All Levels,All,390,59.2
General FE and Tertiary College,2015/16,16-18,White and Asian,2,Intermediate,80,59.7
General FE and Tertiary College,2015/16,16-18,White and Asian,3,Advanced,50,55.1
General FE and Tertiary College,2015/16,16-18,White and Asian,All Levels,All,130,57.9
General FE and Tertiary College,2015/16,16-18,White and Black African,2,Intermediate,60,50.9
General FE and Tertiary College,2015/16,16-18,White and Black African,3,Advanced,30,71.9
General FE and Tertiary College,2015/16,16-18,White and Black African,All Levels,All,90,58.6
General FE and Tertiary College,2015/16,16-18,White and Black Caribbean,2,Intermediate,320,49.8
General FE and Tertiary College,2015/16,16-18,White and Black Caribbean,3,Advanced,150,54.5
General FE and Tertiary College,2015/16,16-18,White and Black Caribbean,All Levels,All,460,51.2
General FE and Tertiary College,2015/16,19-23,African,2,Intermediate,170,54.4
General FE and Tertiary College,2015/16,19-23,African,3,Advanced,140,68.4
General FE and Tertiary College,2015/16,19-23,African,All Levels,All,310,60.7
General FE and Tertiary College,2015/16,19-23,Any other Asian,2,Intermediate,100,48.5
General FE and Tertiary College,2015/16,19-23,Any other Asian,3,Advanced,100,65.3
General FE and Tertiary College,2015/16,19-23,Any other Asian,4+,Higher,-,20.0
General FE and Tertiary College,2015/16,19-23,Any other Asian,All Levels,All,200,55.9
General FE and Tertiary College,2015/16,19-23,Any other Black / African / Caribbean,2,Intermediate,60,59.4
General FE and Tertiary College,2015/16,19-23,Any other Black / African / Caribbean,3,Advanced,50,25.5
General FE and Tertiary College,2015/16,19-23,Any other Black / African / Caribbean,All Levels,All,110,45.0
General FE and Tertiary College,2015/16,19-23,Any other ethnic group,2,Intermediate,100,46.5
General FE and Tertiary College,2015/16,19-23,Any other ethnic group,3,Advanced,80,61.7
General FE and Tertiary College,2015/16,19-23,Any other ethnic group,All Levels,All,180,52.7
General FE and Tertiary College,2015/16,19-23,Any other mixed / multiple ethnic,2,Intermediate,90,57.6
General FE and Tertiary College,2015/16,19-23,Any other mixed / multiple ethnic,3,Advanced,60,59.4
General FE and Tertiary College,2015/16,19-23,Any other mixed / multiple ethnic,All Levels,All,160,58.3
General FE and Tertiary College,2015/16,19-23,Any other White,2,Intermediate,530,57.8
General FE and Tertiary College,2015/16,19-23,Any other White,3,Advanced,190,61.8
General FE and Tertiary College,2015/16,19-23,Any other White,4+,Higher,-,0.0
General FE and Tertiary College,2015/16,19-23,Any other White,All Levels,All,730,58.5
General FE and Tertiary College,2015/16,19-23,Arab,2,Intermediate,-,57.9
General FE and Tertiary College,2015/16,19-23,Arab,3,Advanced,-,90.0
General FE and Tertiary College,2015/16,19-23,Arab,All Levels,All,-,69.0
General FE and Tertiary College,2015/16,19-23,Bangladeshi,2,Intermediate,500,64.8
General FE and Tertiary College,2015/16,19-23,Bangladeshi,3,Advanced,110,54.6
General FE and Tertiary College,2015/16,19-23,Bangladeshi,4+,Higher,-,14.3
General FE and Tertiary College,2015/16,19-23,Bangladeshi,All Levels,All,610,62.4
General FE and Tertiary College,2015/16,19-23,Caribbean,2,Intermediate,280,52.0
General FE and Tertiary College,2015/16,19-23,Caribbean,3,Advanced,130,45.6
General FE and Tertiary College,2015/16,19-23,Caribbean,4+,Higher,-,0.0
General FE and Tertiary College,2015/16,19-23,Caribbean,All Levels,All,410,49.4
General FE and Tertiary College,2015/16,19-23,Chinese,2,Intermediate,-,58.3
General FE and Tertiary College,2015/16,19-23,Chinese,3,Advanced,-,71.4
General FE and Tertiary College,2015/16,19-23,Chinese,All Levels,All,-,60.0
General FE and Tertiary College,2015/16,19-23,English / Welsh / Scottish / Northern Irish / British,2,Intermediate,"17,160",61.4
General FE and Tertiary College,2015/16,19-23,English / Welsh / Scottish / Northern Irish / British,3,Advanced,"13,470",61.7
General FE and Tertiary College,2015/16,19-23,English / Welsh / Scottish / Northern Irish / British,4+,Higher,640,37.4
General FE and Tertiary College,2015/16,19-23,English / Welsh / Scottish / Northern Irish / British,All Levels,All,"31,270",61.0
General FE and Tertiary College,2015/16,19-23,Gypsy or Irish Traveller,2,Intermediate,-,44.4
General FE and Tertiary College,2015/16,19-23,Gypsy or Irish Traveller,All Levels,All,-,38.5
General FE and Tertiary College,2015/16,19-23,Indian,2,Intermediate,200,62.6
General FE and Tertiary College,2015/16,19-23,Indian,3,Advanced,140,60.4
General FE and Tertiary College,2015/16,19-23,Indian,4+,Higher,-,35.7
General FE and Tertiary College,2015/16,19-23,Indian,All Levels,All,360,60.7
General FE and Tertiary College,2015/16,19-23,Irish,2,Intermediate,40,56.8
General FE and Tertiary College,2015/16,19-23,Irish,3,Advanced,30,55.9
General FE and Tertiary College,2015/16,19-23,Irish,All Levels,All,70,55.6
General FE and Tertiary College,2015/16,19-23,Not Provided,2,Intermediate,370,64.2
General FE and Tertiary College,2015/16,19-23,Not Provided,3,Advanced,260,63.8
General FE and Tertiary College,2015/16,19-23,Not Provided,4+,Higher,-,50.0
General FE and Tertiary College,2015/16,19-23,Not Provided,All Levels,All,640,63.8
General FE and Tertiary College,2015/16,19-23,Pakistani,2,Intermediate,300,58.1
General FE and Tertiary College,2015/16,19-23,Pakistani,3,Advanced,190,60.2
General FE and Tertiary College,2015/16,19-23,Pakistani,4+,Higher,-,40.0
General FE and Tertiary College,2015/16,19-23,Pakistani,All Levels,All,490,58.7
General FE and Tertiary College,2015/16,19-23,White and Asian,2,Intermediate,80,57.1
General FE and Tertiary College,2015/16,19-23,White and Asian,3,Advanced,70,62.0
General FE and Tertiary College,2015/16,19-23,White and Asian,4+,Higher,-,60.0
General FE and Tertiary College,2015/16,19-23,White and Asian,All Levels,All,160,59.4
General FE and Tertiary College,2015/16,19-23,White and Black African,2,Intermediate,60,50.9
General FE and Tertiary College,2015/16,19-23,White and Black African,3,Advanced,-,48.1
General FE and Tertiary College,2015/16,19-23,White and Black African,All Levels,All,90,49.4
General FE and Tertiary College,2015/16,19-23,White and Black Caribbean,2,Intermediate,260,53.5
General FE and Tertiary College,2015/16,19-23,White and Black Caribbean,3,Advanced,140,53.3
General FE and Tertiary College,2015/16,19-23,White and Black Caribbean,All Levels,All,400,53.4
General FE and Tertiary College,2015/16,24+,African,2,Intermediate,990,62.2
General FE and Tertiary College,2015/16,24+,African,3,Advanced,620,57.5
General FE and Tertiary College,2015/16,24+,African,4+,Higher,150,49.0
General FE and Tertiary College,2015/16,24+,African,All Levels,All,"1,760",59.4
General FE and Tertiary College,2015/16,24+,Any other Asian,2,Intermediate,320,54.6
General FE and Tertiary College,2015/16,24+,Any other Asian,3,Advanced,190,49.5
General FE and Tertiary College,2015/16,24+,Any other Asian,4+,Higher,50,44.4
General FE and Tertiary College,2015/16,24+,Any other Asian,All Levels,All,560,52.1
General FE and Tertiary College,2015/16,24+,Any other Black / African / Caribbean,2,Intermediate,170,61.8
General FE and Tertiary College,2015/16,24+,Any other Black / African / Caribbean,3,Advanced,140,43.0
General FE and Tertiary College,2015/16,24+,Any other Black / African / Caribbean,4+,Higher,-,37.5
General FE and Tertiary College,2015/16,24+,Any other Black / African / Caribbean,All Levels,All,320,52.2
General FE and Tertiary College,2015/16,24+,Any other ethnic group,2,Intermediate,300,61.2
General FE and Tertiary College,2015/16,24+,Any other ethnic group,3,Advanced,150,45.0
General FE and Tertiary College,2015/16,24+,Any other ethnic group,4+,Higher,-,44.4
General FE and Tertiary College,2015/16,24+,Any other ethnic group,All Levels,All,460,55.6
General FE and Tertiary College,2015/16,24+,Any other mixed / multiple ethnic,2,Intermediate,150,58.9
General FE and Tertiary College,2015/16,24+,Any other mixed / multiple ethnic,3,Advanced,90,56.8
General FE and Tertiary College,2015/16,24+,Any other mixed / multiple ethnic,4+,Higher,-,75.0
General FE and Tertiary College,2015/16,24+,Any other mixed / multiple ethnic,All Levels,All,250,59.4
General FE and Tertiary College,2015/16,24+,Any other White,2,Intermediate,"2,680",60.4
General FE and Tertiary College,2015/16,24+,Any other White,3,Advanced,910,54.3
General FE and Tertiary College,2015/16,24+,Any other White,4+,Higher,130,50.4
General FE and Tertiary College,2015/16,24+,Any other White,All Levels,All,"3,720",58.5
General FE and Tertiary College,2015/16,24+,Arab,2,Intermediate,30,45.2
General FE and Tertiary College,2015/16,24+,Arab,3,Advanced,-,63.6
General FE and Tertiary College,2015/16,24+,Arab,All Levels,All,40,50.0
General FE and Tertiary College,2015/16,24+,Bangladeshi,2,Intermediate,340,75.4
General FE and Tertiary College,2015/16,24+,Bangladeshi,3,Advanced,70,47.7
General FE and Tertiary College,2015/16,24+,Bangladeshi,4+,Higher,-,70.0
General FE and Tertiary College,2015/16,24+,Bangladeshi,All Levels,All,420,71.0
General FE and Tertiary College,2015/16,24+,Caribbean,2,Intermediate,360,57.2
General FE and Tertiary College,2015/16,24+,Caribbean,3,Advanced,240,53.2
General FE and Tertiary College,2015/16,24+,Caribbean,4+,Higher,60,62.5
General FE and Tertiary College,2015/16,24+,Caribbean,All Levels,All,660,56.2
General FE and Tertiary College,2015/16,24+,Chinese,2,Intermediate,30,70.6
General FE and Tertiary College,2015/16,24+,Chinese,3,Advanced,-,57.7
General FE and Tertiary College,2015/16,24+,Chinese,4+,Higher,-,40.0
General FE and Tertiary College,2015/16,24+,Chinese,All Levels,All,70,63.1
General FE and Tertiary College,2015/16,24+,English / Welsh / Scottish / Northern Irish / British,2,Intermediate,"22,590",61.0
General FE and Tertiary College,2015/16,24+,English / Welsh / Scottish / Northern Irish / British,3,Advanced,"13,520",54.9
General FE and Tertiary College,2015/16,24+,English / Welsh / Scottish / Northern Irish / British,4+,Higher,"2,710",48.9
General FE and Tertiary College,2015/16,24+,English / Welsh / Scottish / Northern Irish / British,All Levels,All,"38,810",58.0
General FE and Tertiary College,2015/16,24+,Gypsy or Irish Traveller,2,Intermediate,-,57.1
General FE and Tertiary College,2015/16,24+,Gypsy or Irish Traveller,All Levels,All,-,66.7
General FE and Tertiary College,2015/16,24+,Indian,2,Intermediate,610,56.9
General FE and Tertiary College,2015/16,24+,Indian,3,Advanced,260,49.0
General FE and Tertiary College,2015/16,24+,Indian,4+,Higher,70,45.5
General FE and Tertiary College,2015/16,24+,Indian,All Levels,All,940,53.9
General FE and Tertiary College,2015/16,24+,Irish,2,Intermediate,90,59.3
General FE and Tertiary College,2015/16,24+,Irish,3,Advanced,60,58.9
General FE and Tertiary College,2015/16,24+,Irish,4+,Higher,-,64.3
General FE and Tertiary College,2015/16,24+,Irish,All Levels,All,160,59.6
General FE and Tertiary College,2015/16,24+,Not Provided,2,Intermediate,660,66.0
General FE and Tertiary College,2015/16,24+,Not Provided,3,Advanced,510,66.2
General FE and Tertiary College,2015/16,24+,Not Provided,4+,Higher,120,74.1
General FE and Tertiary College,2015/16,24+,Not Provided,All Levels,All,"1,290",66.8
General FE and Tertiary College,2015/16,24+,Pakistani,2,Intermediate,510,76.3
General FE and Tertiary College,2015/16,24+,Pakistani,3,Advanced,160,53.0
General FE and Tertiary College,2015/16,24+,Pakistani,4+,Higher,30,46.7
General FE and Tertiary College,2015/16,24+,Pakistani,All Levels,All,700,69.6
General FE and Tertiary College,2015/16,24+,White and Asian,2,Intermediate,90,51.1
General FE and Tertiary College,2015/16,24+,White and Asian,3,Advanced,40,59.1
General FE and Tertiary College,2015/16,24+,White and Asian,4+,Higher,-,60.0
General FE and Tertiary College,2015/16,24+,White and Asian,All Levels,All,140,54.0
General FE and Tertiary College,2015/16,24+,White and Black African,2,Intermediate,100,56.1
General FE and Tertiary College,2015/16,24+,White and Black African,3,Advanced,70,50.0
General FE and Tertiary College,2015/16,24+,White and Black African,4+,Higher,-,47.1
General FE and Tertiary College,2015/16,24+,White and Black African,All Levels,All,190,53.0
General FE and Tertiary College,2015/16,24+,White and Black Caribbean,2,Intermediate,180,57.0
General FE and Tertiary College,2015/16,24+,White and Black Caribbean,3,Advanced,100,50.0
General FE and Tertiary College,2015/16,24+,White and Black Caribbean,4+,Higher,-,52.4
General FE and Tertiary College,2015/16,24+,White and Black Caribbean,All Levels,All,300,54.3
General FE and Tertiary College,2015/16,All Age,African,2,Intermediate,"1,250",60.8
General FE and Tertiary College,2015/16,All Age,African,3,Advanced,870,61.7
General FE and Tertiary College,2015/16,All Age,African,4+,Higher,160,48.7
General FE and Tertiary College,2015/16,All Age,African,All Levels,All,"2,270",60.3
General FE and Tertiary College,2015/16,All Age,Any other Asian,2,Intermediate,500,54.3
General FE and Tertiary College,2015/16,All Age,Any other Asian,3,Advanced,390,58.3
General FE and Tertiary College,2015/16,All Age,Any other Asian,4+,Higher,50,42.0
General FE and Tertiary College,2015/16,All Age,Any other Asian,All Levels,All,940,55.3
General FE and Tertiary College,2015/16,All Age,Any other Black / African / Caribbean,2,Intermediate,290,59.9
General FE and Tertiary College,2015/16,All Age,Any other Black / African / Caribbean,3,Advanced,220,38.8
General FE and Tertiary College,2015/16,All Age,Any other Black / African / Caribbean,4+,Higher,-,37.5
General FE and Tertiary College,2015/16,All Age,Any other Black / African / Caribbean,All Levels,All,540,50.1
General FE and Tertiary College,2015/16,All Age,Any other ethnic group,2,Intermediate,480,59.0
General FE and Tertiary College,2015/16,All Age,Any other ethnic group,3,Advanced,390,65.1
General FE and Tertiary College,2015/16,All Age,Any other ethnic group,4+,Higher,-,36.4
General FE and Tertiary College,2015/16,All Age,Any other ethnic group,All Levels,All,880,61.4
General FE and Tertiary College,2015/16,All Age,Any other mixed / multiple ethnic,2,Intermediate,340,57.9
General FE and Tertiary College,2015/16,All Age,Any other mixed / multiple ethnic,3,Advanced,210,56.6
General FE and Tertiary College,2015/16,All Age,Any other mixed / multiple ethnic,4+,Higher,-,76.2
General FE and Tertiary College,2015/16,All Age,Any other mixed / multiple ethnic,All Levels,All,570,58.1
General FE and Tertiary College,2015/16,All Age,Any other White,2,Intermediate,"3,440",59.6
General FE and Tertiary College,2015/16,All Age,Any other White,3,Advanced,"1,220",56.0
General FE and Tertiary College,2015/16,All Age,Any other White,4+,Higher,130,48.1
General FE and Tertiary College,2015/16,All Age,Any other White,All Levels,All,"4,790",58.4
General FE and Tertiary College,2015/16,All Age,Arab,2,Intermediate,60,49.2
General FE and Tertiary College,2015/16,All Age,Arab,3,Advanced,30,83.9
General FE and Tertiary College,2015/16,All Age,Arab,All Levels,All,90,60.6
General FE and Tertiary College,2015/16,All Age,Bangladeshi,2,Intermediate,"1,210",69.2
General FE and Tertiary College,2015/16,All Age,Bangladeshi,3,Advanced,230,50.2
General FE and Tertiary College,2015/16,All Age,Bangladeshi,4+,Higher,-,44.4
General FE and Tertiary College,2015/16,All Age,Bangladeshi,All Levels,All,"1,460",65.9
General FE and Tertiary College,2015/16,All Age,Caribbean,2,Intermediate,800,54.1
General FE and Tertiary College,2015/16,All Age,Caribbean,3,Advanced,430,50.3
General FE and Tertiary College,2015/16,All Age,Caribbean,4+,Higher,60,57.4
General FE and Tertiary College,2015/16,All Age,Caribbean,All Levels,All,"1,290",53.0
General FE and Tertiary College,2015/16,All Age,Chinese,2,Intermediate,60,64.4
General FE and Tertiary College,2015/16,All Age,Chinese,3,Advanced,40,60.5
General FE and Tertiary College,2015/16,All Age,Chinese,4+,Higher,-,33.3
General FE and Tertiary College,2015/16,All Age,Chinese,All Levels,All,100,61.2
General FE and Tertiary College,2015/16,All Age,English / Welsh / Scottish / Northern Irish / British,2,Intermediate,"64,360",61.5
General FE and Tertiary College,2015/16,All Age,English / Welsh / Scottish / Northern Irish / British,3,Advanced,"38,340",59.3
General FE and Tertiary College,2015/16,All Age,English / Welsh / Scottish / Northern Irish / British,4+,Higher,"3,490",46.1
General FE and Tertiary College,2015/16,All Age,English / Welsh / Scottish / Northern Irish / British,All Levels,All,"106,190",60.2
General FE and Tertiary College,2015/16,All Age,Gypsy or Irish Traveller,2,Intermediate,40,48.8
General FE and Tertiary College,2015/16,All Age,Gypsy or Irish Traveller,3,Advanced,-,46.2
General FE and Tertiary College,2015/16,All Age,Gypsy or Irish Traveller,All Levels,All,60,48.2
General FE and Tertiary College,2015/16,All Age,Indian,2,Intermediate,980,59.0
General FE and Tertiary College,2015/16,All Age,Indian,3,Advanced,520,55.1
General FE and Tertiary College,2015/16,All Age,Indian,4+,Higher,80,42.7
General FE and Tertiary College,2015/16,All Age,Indian,All Levels,All,"1,580",56.9
General FE and Tertiary College,2015/16,All Age,Irish,2,Intermediate,180,56.7
General FE and Tertiary College,2015/16,All Age,Irish,3,Advanced,120,58.1
General FE and Tertiary College,2015/16,All Age,Irish,4+,Higher,-,60.0
General FE and Tertiary College,2015/16,All Age,Irish,All Levels,All,310,57.4
General FE and Tertiary College,2015/16,All Age,Not Provided,2,Intermediate,"1,320",65.4
General FE and Tertiary College,2015/16,All Age,Not Provided,3,Advanced,910,64.5
General FE and Tertiary College,2015/16,All Age,Not Provided,4+,Higher,130,73.1
General FE and Tertiary College,2015/16,All Age,Not Provided,All Levels,All,"2,360",65.5
General FE and Tertiary College,2015/16,All Age,Pakistani,2,Intermediate,"1,070",67.6
General FE and Tertiary College,2015/16,All Age,Pakistani,3,Advanced,480,56.5
General FE and Tertiary College,2015/16,All Age,Pakistani,4+,Higher,40,42.5
General FE and Tertiary College,2015/16,All Age,Pakistani,All Levels,All,"1,590",63.7
General FE and Tertiary College,2015/16,All Age,White and Asian,2,Intermediate,250,55.8
General FE and Tertiary College,2015/16,All Age,White and Asian,3,Advanced,160,59.1
General FE and Tertiary College,2015/16,All Age,White and Asian,4+,Higher,-,60.0
General FE and Tertiary College,2015/16,All Age,White and Asian,All Levels,All,430,57.2
General FE and Tertiary College,2015/16,All Age,White and Black African,2,Intermediate,210,53.3
General FE and Tertiary College,2015/16,All Age,White and Black African,3,Advanced,130,55.0
General FE and Tertiary College,2015/16,All Age,White and Black African,4+,Higher,-,45.0
General FE and Tertiary College,2015/16,All Age,White and Black African,All Levels,All,360,53.5
General FE and Tertiary College,2015/16,All Age,White and Black Caribbean,2,Intermediate,750,52.8
General FE and Tertiary College,2015/16,All Age,White and Black Caribbean,3,Advanced,380,52.9
General FE and Tertiary College,2015/16,All Age,White and Black Caribbean,4+,Higher,-,50.0
General FE and Tertiary College,2015/16,All Age,White and Black Caribbean,All Levels,All,"1,160",52.8
Other Public Funded,2015/16,16-18,African,2,Intermediate,-,43.8
Other Public Funded,2015/16,16-18,African,3,Advanced,-,44.4
Other Public Funded,2015/16,16-18,African,All Levels,All,-,44.0
Other Public Funded,2015/16,16-18,Any other Asian,2,Intermediate,60,71.0
Other Public Funded,2015/16,16-18,Any other Asian,All Levels,All,60,71.4
Other Public Funded,2015/16,16-18,Any other Black / African / Caribbean,2,Intermediate,-,57.9
Other Public Funded,2015/16,16-18,Any other Black / African / Caribbean,All Levels,All,-,54.5
Other Public Funded,2015/16,16-18,Any other ethnic group,2,Intermediate,-,50.0
Other Public Funded,2015/16,16-18,Any other ethnic group,All Levels,All,-,54.5
Other Public Funded,2015/16,16-18,Any other mixed / multiple ethnic,2,Intermediate,-,63.0
Other Public Funded,2015/16,16-18,Any other mixed / multiple ethnic,3,Advanced,-,30.0
Other Public Funded,2015/16,16-18,Any other mixed / multiple ethnic,All Levels,All,40,54.1
Other Public Funded,2015/16,16-18,Any other White,2,Intermediate,40,47.6
Other Public Funded,2015/16,16-18,Any other White,3,Advanced,-,57.1
Other Public Funded,2015/16,16-18,Any other White,All Levels,All,50,49.0
Other Public Funded,2015/16,16-18,Bangladeshi,2,Intermediate,60,83.6
Other Public Funded,2015/16,16-18,Bangladeshi,3,Advanced,-,33.3
Other Public Funded,2015/16,16-18,Bangladeshi,All Levels,All,70,79.1
Other Public Funded,2015/16,16-18,Caribbean,2,Intermediate,-,55.0
Other Public Funded,2015/16,16-18,Caribbean,3,Advanced,-,54.5
Other Public Funded,2015/16,16-18,Caribbean,All Levels,All,30,54.8
Other Public Funded,2015/16,16-18,English / Welsh / Scottish / Northern Irish / British,2,Intermediate,"5,920",59.2
Other Public Funded,2015/16,16-18,English / Welsh / Scottish / Northern Irish / British,3,Advanced,"1,450",58.9
Other Public Funded,2015/16,16-18,English / Welsh / Scottish / Northern Irish / British,All Levels,All,"7,380",59.2
Other Public Funded,2015/16,16-18,Indian,2,Intermediate,-,77.8
Other Public Funded,2015/16,16-18,Indian,3,Advanced,-,57.1
Other Public Funded,2015/16,16-18,Indian,All Levels,All,-,69.2
Other Public Funded,2015/16,16-18,Irish,2,Intermediate,-,40.0
Other Public Funded,2015/16,16-18,Irish,All Levels,All,-,44.8
Other Public Funded,2015/16,16-18,Not Provided,2,Intermediate,70,68.5
Other Public Funded,2015/16,16-18,Not Provided,3,Advanced,-,50.0
Other Public Funded,2015/16,16-18,Not Provided,All Levels,All,90,64.5
Other Public Funded,2015/16,16-18,Pakistani,2,Intermediate,50,53.7
Other Public Funded,2015/16,16-18,Pakistani,3,Advanced,-,42.9
Other Public Funded,2015/16,16-18,Pakistani,All Levels,All,60,52.5
Other Public Funded,2015/16,16-18,White and Asian,2,Intermediate,-,61.9
Other Public Funded,2015/16,16-18,White and Asian,3,Advanced,-,50.0
Other Public Funded,2015/16,16-18,White and Asian,All Levels,All,-,59.3
Other Public Funded,2015/16,16-18,White and Black African,2,Intermediate,-,33.3
Other Public Funded,2015/16,16-18,White and Black African,All Levels,All,-,30.0
Other Public Funded,2015/16,16-18,White and Black Caribbean,2,Intermediate,70,49.3
Other Public Funded,2015/16,16-18,White and Black Caribbean,3,Advanced,-,75.0
Other Public Funded,2015/16,16-18,White and Black Caribbean,All Levels,All,80,52.0
Other Public Funded,2015/16,19-23,African,2,Intermediate,60,63.9
Other Public Funded,2015/16,19-23,African,3,Advanced,-,33.3
Other Public Funded,2015/16,19-23,African,All Levels,All,80,57.0
Other Public Funded,2015/16,19-23,Any other Asian,2,Intermediate,170,68.7
Other Public Funded,2015/16,19-23,Any other Asian,3,Advanced,-,86.4
Other Public Funded,2015/16,19-23,Any other Asian,All Levels,All,190,70.7
Other Public Funded,2015/16,19-23,Any other Black / African / Caribbean,2,Intermediate,-,47.1
Other Public Funded,2015/16,19-23,Any other Black / African / Caribbean,3,Advanced,-,77.8
Other Public Funded,2015/16,19-23,Any other Black / African / Caribbean,All Levels,All,-,57.7
Other Public Funded,2015/16,19-23,Any other ethnic group,2,Intermediate,-,64.7
Other Public Funded,2015/16,19-23,Any other ethnic group,3,Advanced,-,85.7
Other Public Funded,2015/16,19-23,Any other ethnic group,All Levels,All,30,74.2
Other Public Funded,2015/16,19-23,Any other mixed / multiple ethnic,2,Intermediate,30,42.4
Other Public Funded,2015/16,19-23,Any other mixed / multiple ethnic,3,Advanced,-,55.6
Other Public Funded,2015/16,19-23,Any other mixed / multiple ethnic,All Levels,All,40,45.2
Other Public Funded,2015/16,19-23,Any other White,2,Intermediate,80,59.0
Other Public Funded,2015/16,19-23,Any other White,3,Advanced,-,60.9
Other Public Funded,2015/16,19-23,Any other White,All Levels,All,100,59.2
Other Public Funded,2015/16,19-23,Arab,All Levels,All,-,50.0
Other Public Funded,2015/16,19-23,Bangladeshi,2,Intermediate,50,62.5
Other Public Funded,2015/16,19-23,Bangladeshi,3,Advanced,-,37.5
Other Public Funded,2015/16,19-23,Bangladeshi,All Levels,All,70,55.4
Other Public Funded,2015/16,19-23,Caribbean,2,Intermediate,50,52.8
Other Public Funded,2015/16,19-23,Caribbean,3,Advanced,-,58.8
Other Public Funded,2015/16,19-23,Caribbean,All Levels,All,70,54.3
Other Public Funded,2015/16,19-23,English / Welsh / Scottish / Northern Irish / British,2,Intermediate,"6,930",66.8
Other Public Funded,2015/16,19-23,English / Welsh / Scottish / Northern Irish / British,3,Advanced,"2,970",67.7
Other Public Funded,2015/16,19-23,English / Welsh / Scottish / Northern Irish / British,4+,Higher,-,38.5
Other Public Funded,2015/16,19-23,English / Welsh / Scottish / Northern Irish / British,All Levels,All,"9,930",67.0
Other Public Funded,2015/16,19-23,Indian,2,Intermediate,40,62.9
Other Public Funded,2015/16,19-23,Indian,3,Advanced,-,69.2
Other Public Funded,2015/16,19-23,Indian,All Levels,All,50,64.6
Other Public Funded,2015/16,19-23,Irish,2,Intermediate,60,45.2
Other Public Funded,2015/16,19-23,Irish,3,Advanced,-,66.7
Other Public Funded,2015/16,19-23,Irish,All Levels,All,80,49.4
Other Public Funded,2015/16,19-23,Not Provided,2,Intermediate,50,75.6
Other Public Funded,2015/16,19-23,Not Provided,3,Advanced,40,53.7
Other Public Funded,2015/16,19-23,Not Provided,All Levels,All,90,65.1
Other Public Funded,2015/16,19-23,Pakistani,2,Intermediate,40,65.8
Other Public Funded,2015/16,19-23,Pakistani,3,Advanced,-,66.7
Other Public Funded,2015/16,19-23,Pakistani,All Levels,All,50,66.0
Other Public Funded,2015/16,19-23,White and Asian,2,Intermediate,-,64.7
Other Public Funded,2015/16,19-23,White and Asian,3,Advanced,-,63.6
Other Public Funded,2015/16,19-23,White and Asian,All Levels,All,-,64.3
Other Public Funded,2015/16,19-23,White and Black African,2,Intermediate,-,64.3
Other Public Funded,2015/16,19-23,White and Black African,3,Advanced,-,57.1
Other Public Funded,2015/16,19-23,White and Black African,All Levels,All,-,61.9
Other Public Funded,2015/16,19-23,White and Black Caribbean,2,Intermediate,60,49.1
Other Public Funded,2015/16,19-23,White and Black Caribbean,3,Advanced,-,48.3
Other Public Funded,2015/16,19-23,White and Black Caribbean,All Levels,All,90,48.8
Other Public Funded,2015/16,24+,African,2,Intermediate,330,66.5
Other Public Funded,2015/16,24+,African,3,Advanced,130,65.7
Other Public Funded,2015/16,24+,African,All Levels,All,470,65.9
Other Public Funded,2015/16,24+,Any other Asian,2,Intermediate,260,58.3
Other Public Funded,2015/16,24+,Any other Asian,3,Advanced,70,68.6
Other Public Funded,2015/16,24+,Any other Asian,All Levels,All,340,60.6
Other Public Funded,2015/16,24+,Any other Black / African / Caribbean,2,Intermediate,70,62.3
Other Public Funded,2015/16,24+,Any other Black / African / Caribbean,3,Advanced,40,60.0
Other Public Funded,2015/16,24+,Any other Black / African / Caribbean,All Levels,All,110,60.9
Other Public Funded,2015/16,24+,Any other ethnic group,2,Intermediate,60,71.2
Other Public Funded,2015/16,24+,Any other ethnic group,3,Advanced,-,75.0
Other Public Funded,2015/16,24+,Any other ethnic group,All Levels,All,80,72.0
Other Public Funded,2015/16,24+,Any other mixed / multiple ethnic,2,Intermediate,-,46.4
Other Public Funded,2015/16,24+,Any other mixed / multiple ethnic,3,Advanced,-,66.7
Other Public Funded,2015/16,24+,Any other mixed / multiple ethnic,All Levels,All,30,50.0
Other Public Funded,2015/16,24+,Any other White,2,Intermediate,190,73.3
Other Public Funded,2015/16,24+,Any other White,3,Advanced,60,57.1
Other Public Funded,2015/16,24+,Any other White,4+,Higher,-,66.7
Other Public Funded,2015/16,24+,Any other White,All Levels,All,250,69.6
Other Public Funded,2015/16,24+,Arab,All Levels,All,-,100.0
Other Public Funded,2015/16,24+,Bangladeshi,2,Intermediate,-,61.9
Other Public Funded,2015/16,24+,Bangladeshi,All Levels,All,-,64.0
Other Public Funded,2015/16,24+,Caribbean,2,Intermediate,100,57.3
Other Public Funded,2015/16,24+,Caribbean,3,Advanced,40,64.3
Other Public Funded,2015/16,24+,Caribbean,All Levels,All,140,59.7
Other Public Funded,2015/16,24+,English / Welsh / Scottish / Northern Irish / British,2,Intermediate,"3,560",64.4
Other Public Funded,2015/16,24+,English / Welsh / Scottish / Northern Irish / British,3,Advanced,"2,420",65.5
Other Public Funded,2015/16,24+,English / Welsh / Scottish / Northern Irish / British,4+,Higher,70,45.6
Other Public Funded,2015/16,24+,English / Welsh / Scottish / Northern Irish / British,All Levels,All,"6,050",64.6
Other Public Funded,2015/16,24+,Indian,2,Intermediate,50,74.5
Other Public Funded,2015/16,24+,Indian,3,Advanced,-,26.7
Other Public Funded,2015/16,24+,Indian,All Levels,All,60,61.9
Other Public Funded,2015/16,24+,Irish,2,Intermediate,40,38.9
Other Public Funded,2015/16,24+,Irish,3,Advanced,-,21.4
Other Public Funded,2015/16,24+,Irish,All Levels,All,50,33.3
Other Public Funded,2015/16,24+,Not Provided,2,Intermediate,50,72.2
Other Public Funded,2015/16,24+,Not Provided,3,Advanced,70,33.3
Other Public Funded,2015/16,24+,Not Provided,All Levels,All,130,50.0
Other Public Funded,2015/16,24+,Pakistani,2,Intermediate,-,60.9
Other Public Funded,2015/16,24+,Pakistani,All Levels,All,-,55.6
Other Public Funded,2015/16,24+,White and Asian,2,Intermediate,-,22.2
Other Public Funded,2015/16,24+,White and Asian,3,Advanced,-,75.0
Other Public Funded,2015/16,24+,White and Asian,All Levels,All,-,52.4
Other Public Funded,2015/16,24+,White and Black African,2,Intermediate,-,65.2
Other Public Funded,2015/16,24+,White and Black African,3,Advanced,-,68.8
Other Public Funded,2015/16,24+,White and Black African,All Levels,All,40,66.7
Other Public Funded,2015/16,24+,White and Black Caribbean,2,Intermediate,40,60.5
Other Public Funded,2015/16,24+,White and Black Caribbean,3,Advanced,-,66.7
Other Public Funded,2015/16,24+,White and Black Caribbean,All Levels,All,60,63.5
Other Public Funded,2015/16,All Age,African,2,Intermediate,410,65.2
Other Public Funded,2015/16,All Age,African,3,Advanced,160,60.9
Other Public Funded,2015/16,All Age,African,All Levels,All,580,63.7
Other Public Funded,2015/16,All Age,Any other Asian,2,Intermediate,490,63.4
Other Public Funded,2015/16,All Age,Any other Asian,3,Advanced,90,73.1
Other Public Funded,2015/16,All Age,Any other Asian,All Levels,All,590,65.0
Other Public Funded,2015/16,All Age,Any other Black / African / Caribbean,2,Intermediate,110,59.0
Other Public Funded,2015/16,All Age,Any other Black / African / Caribbean,3,Advanced,50,61.5
Other Public Funded,2015/16,All Age,Any other Black / African / Caribbean,All Levels,All,160,59.5
Other Public Funded,2015/16,All Age,Any other ethnic group,2,Intermediate,90,66.0
Other Public Funded,2015/16,All Age,Any other ethnic group,3,Advanced,30,79.4
Other Public Funded,2015/16,All Age,Any other ethnic group,All Levels,All,130,69.5
Other Public Funded,2015/16,All Age,Any other mixed / multiple ethnic,2,Intermediate,90,50.0
Other Public Funded,2015/16,All Age,Any other mixed / multiple ethnic,3,Advanced,-,48.0
Other Public Funded,2015/16,All Age,Any other mixed / multiple ethnic,All Levels,All,110,49.6
Other Public Funded,2015/16,All Age,Any other White,2,Intermediate,310,66.2
Other Public Funded,2015/16,All Age,Any other White,3,Advanced,90,58.1
Other Public Funded,2015/16,All Age,Any other White,4+,Higher,-,62.5
Other Public Funded,2015/16,All Age,Any other White,All Levels,All,410,64.4
Other Public Funded,2015/16,All Age,Arab,2,Intermediate,-,66.7
Other Public Funded,2015/16,All Age,Arab,3,Advanced,-,66.7
Other Public Funded,2015/16,All Age,Arab,All Levels,All,-,66.7
Other Public Funded,2015/16,All Age,Bangladeshi,2,Intermediate,130,72.3
Other Public Funded,2015/16,All Age,Bangladeshi,3,Advanced,-,42.3
Other Public Funded,2015/16,All Age,Bangladeshi,All Levels,All,160,66.9
Other Public Funded,2015/16,All Age,Caribbean,2,Intermediate,170,55.6
Other Public Funded,2015/16,All Age,Caribbean,3,Advanced,70,61.4
Other Public Funded,2015/16,All Age,Caribbean,All Levels,All,240,57.5
Other Public Funded,2015/16,All Age,Chinese,All Levels,All,-,62.5
Other Public Funded,2015/16,All Age,English / Welsh / Scottish / Northern Irish / British,2,Intermediate,"16,410",63.6
Other Public Funded,2015/16,All Age,English / Welsh / Scottish / Northern Irish / British,3,Advanced,"6,840",65.0
Other Public Funded,2015/16,All Age,English / Welsh / Scottish / Northern Irish / British,4+,Higher,100,42.7
Other Public Funded,2015/16,All Age,English / Welsh / Scottish / Northern Irish / British,All Levels,All,"23,350",63.9
Other Public Funded,2015/16,All Age,Indian,2,Intermediate,100,71.0
Other Public Funded,2015/16,All Age,Indian,3,Advanced,40,48.6
Other Public Funded,2015/16,All Age,Indian,All Levels,All,140,64.2
Other Public Funded,2015/16,All Age,Irish,2,Intermediate,120,42.3
Other Public Funded,2015/16,All Age,Irish,3,Advanced,30,48.5
Other Public Funded,2015/16,All Age,Irish,All Levels,All,160,43.3
Other Public Funded,2015/16,All Age,Not Provided,2,Intermediate,170,71.5
Other Public Funded,2015/16,All Age,Not Provided,3,Advanced,130,42.1
Other Public Funded,2015/16,All Age,Not Provided,All Levels,All,310,58.7
Other Public Funded,2015/16,All Age,Pakistani,2,Intermediate,120,59.1
Other Public Funded,2015/16,All Age,Pakistani,3,Advanced,-,52.2
Other Public Funded,2015/16,All Age,Pakistani,All Levels,All,140,58.0
Other Public Funded,2015/16,All Age,White and Asian,2,Intermediate,50,55.3
Other Public Funded,2015/16,All Age,White and Asian,3,Advanced,-,65.5
Other Public Funded,2015/16,All Age,White and Asian,All Levels,All,80,59.2
Other Public Funded,2015/16,All Age,White and Black African,2,Intermediate,50,58.7
Other Public Funded,2015/16,All Age,White and Black African,3,Advanced,-,62.5
Other Public Funded,2015/16,All Age,White and Black African,All Levels,All,70,60.0
Other Public Funded,2015/16,All Age,White and Black Caribbean,2,Intermediate,160,51.9
Other Public Funded,2015/16,All Age,White and Black Caribbean,3,Advanced,60,59.0
Other Public Funded,2015/16,All Age,White and Black Caribbean,All Levels,All,220,54.0
Private Sector Public Funded,2015/16,16-18,African,2,Intermediate,160,45.7
Private Sector Public Funded,2015/16,16-18,African,3,Advanced,200,73.1
Private Sector Public Funded,2015/16,16-18,African,All Levels,All,370,60.6
Private Sector Public Funded,2015/16,16-18,Any other Asian,2,Intermediate,90,63.7
Private Sector Public Funded,2015/16,16-18,Any other Asian,3,Advanced,100,69.5
Private Sector Public Funded,2015/16,16-18,Any other Asian,4+,Higher,-,14.3
Private Sector Public Funded,2015/16,16-18,Any other Asian,All Levels,All,190,64.8
Private Sector Public Funded,2015/16,16-18,Any other Black / African / Caribbean,2,Intermediate,110,53.1
Private Sector Public Funded,2015/16,16-18,Any other Black / African / Caribbean,3,Advanced,80,59.2
Private Sector Public Funded,2015/16,16-18,Any other Black / African / Caribbean,All Levels,All,190,54.7
Private Sector Public Funded,2015/16,16-18,Any other ethnic group,2,Intermediate,160,58.7
Private Sector Public Funded,2015/16,16-18,Any other ethnic group,3,Advanced,50,54.9
Private Sector Public Funded,2015/16,16-18,Any other ethnic group,All Levels,All,210,57.9
Private Sector Public Funded,2015/16,16-18,Any other mixed / multiple ethnic,2,Intermediate,200,57.6
Private Sector Public Funded,2015/16,16-18,Any other mixed / multiple ethnic,3,Advanced,120,56.3
Private Sector Public Funded,2015/16,16-18,Any other mixed / multiple ethnic,4+,Higher,-,57.1
Private Sector Public Funded,2015/16,16-18,Any other mixed / multiple ethnic,All Levels,All,330,57.1
Private Sector Public Funded,2015/16,16-18,Any other White,2,Intermediate,330,58.7
Private Sector Public Funded,2015/16,16-18,Any other White,3,Advanced,240,64.0
Private Sector Public Funded,2015/16,16-18,Any other White,4+,Higher,-,33.3
Private Sector Public Funded,2015/16,16-18,Any other White,All Levels,All,580,60.5
Private Sector Public Funded,2015/16,16-18,Arab,2,Intermediate,-,42.9
Private Sector Public Funded,2015/16,16-18,Arab,3,Advanced,-,42.9
Private Sector Public Funded,2015/16,16-18,Arab,All Levels,All,40,41.7
Private Sector Public Funded,2015/16,16-18,Bangladeshi,2,Intermediate,250,56.3
Private Sector Public Funded,2015/16,16-18,Bangladeshi,3,Advanced,100,55.2
Private Sector Public Funded,2015/16,16-18,Bangladeshi,4+,Higher,-,0.0
Private Sector Public Funded,2015/16,16-18,Bangladeshi,All Levels,All,350,55.2
Private Sector Public Funded,2015/16,16-18,Caribbean,2,Intermediate,270,47.4
Private Sector Public Funded,2015/16,16-18,Caribbean,3,Advanced,200,61.0
Private Sector Public Funded,2015/16,16-18,Caribbean,4+,Higher,-,57.1
Private Sector Public Funded,2015/16,16-18,Caribbean,All Levels,All,470,53.2
Private Sector Public Funded,2015/16,16-18,Chinese,2,Intermediate,-,53.8
Private Sector Public Funded,2015/16,16-18,Chinese,3,Advanced,-,73.3
Private Sector Public Funded,2015/16,16-18,Chinese,All Levels,All,30,56.3
Private Sector Public Funded,2015/16,16-18,English / Welsh / Scottish / Northern Irish / British,2,Intermediate,"32,700",62.6
Private Sector Public Funded,2015/16,16-18,English / Welsh / Scottish / Northern Irish / British,3,Advanced,"15,940",67.0
Private Sector Public Funded,2015/16,16-18,English / Welsh / Scottish / Northern Irish / British,4+,Higher,440,34.4
Private Sector Public Funded,2015/16,16-18,English / Welsh / Scottish / Northern Irish / British,All Levels,All,"49,080",63.7
Private Sector Public Funded,2015/16,16-18,Gypsy or Irish Traveller,2,Intermediate,-,44.4
Private Sector Public Funded,2015/16,16-18,Gypsy or Irish Traveller,All Levels,All,-,45.5
Private Sector Public Funded,2015/16,16-18,Indian,2,Intermediate,300,64.7
Private Sector Public Funded,2015/16,16-18,Indian,3,Advanced,230,67.6
Private Sector Public Funded,2015/16,16-18,Indian,4+,Higher,-,53.3
Private Sector Public Funded,2015/16,16-18,Indian,All Levels,All,540,65.6
Private Sector Public Funded,2015/16,16-18,Irish,2,Intermediate,100,52.0
Private Sector Public Funded,2015/16,16-18,Irish,3,Advanced,50,72.9
Private Sector Public Funded,2015/16,16-18,Irish,All Levels,All,150,58.7
Private Sector Public Funded,2015/16,16-18,Not Provided,2,Intermediate,350,54.7
Private Sector Public Funded,2015/16,16-18,Not Provided,3,Advanced,90,49.4
Private Sector Public Funded,2015/16,16-18,Not Provided,All Levels,All,440,53.7
Private Sector Public Funded,2015/16,16-18,Pakistani,2,Intermediate,440,57.7
Private Sector Public Funded,2015/16,16-18,Pakistani,3,Advanced,210,64.4
Private Sector Public Funded,2015/16,16-18,Pakistani,4+,Higher,-,28.6
Private Sector Public Funded,2015/16,16-18,Pakistani,All Levels,All,660,59.2
Private Sector Public Funded,2015/16,16-18,White and Asian,2,Intermediate,150,58.2
Private Sector Public Funded,2015/16,16-18,White and Asian,3,Advanced,80,62.2
Private Sector Public Funded,2015/16,16-18,White and Asian,All Levels,All,240,59.9
Private Sector Public Funded,2015/16,16-18,White and Black African,2,Intermediate,90,36.5
Private Sector Public Funded,2015/16,16-18,White and Black African,3,Advanced,60,60.3
Private Sector Public Funded,2015/16,16-18,White and Black African,All Levels,All,150,45.2
Private Sector Public Funded,2015/16,16-18,White and Black Caribbean,2,Intermediate,490,53.3
Private Sector Public Funded,2015/16,16-18,White and Black Caribbean,3,Advanced,270,61.9
Private Sector Public Funded,2015/16,16-18,White and Black Caribbean,All Levels,All,760,56.2
Private Sector Public Funded,2015/16,19-23,African,2,Intermediate,310,45.7
Private Sector Public Funded,2015/16,19-23,African,3,Advanced,230,53.7
Private Sector Public Funded,2015/16,19-23,African,4+,Higher,-,25.0
Private Sector Public Funded,2015/16,19-23,African,All Levels,All,550,48.7
Private Sector Public Funded,2015/16,19-23,Any other Asian,2,Intermediate,240,49.6
Private Sector Public Funded,2015/16,19-23,Any other Asian,3,Advanced,120,61.2
Private Sector Public Funded,2015/16,19-23,Any other Asian,4+,Higher,-,31.6
Private Sector Public Funded,2015/16,19-23,Any other Asian,All Levels,All,380,52.3
Private Sector Public Funded,2015/16,19-23,Any other Black / African / Caribbean,2,Intermediate,200,50.0
Private Sector Public Funded,2015/16,19-23,Any other Black / African / Caribbean,3,Advanced,120,47.5
Private Sector Public Funded,2015/16,19-23,Any other Black / African / Caribbean,4+,Higher,-,33.3
Private Sector Public Funded,2015/16,19-23,Any other Black / African / Caribbean,All Levels,All,330,48.8
Private Sector Public Funded,2015/16,19-23,Any other ethnic group,2,Intermediate,220,63.8
Private Sector Public Funded,2015/16,19-23,Any other ethnic group,3,Advanced,90,65.2
Private Sector Public Funded,2015/16,19-23,Any other ethnic group,4+,Higher,-,0.0
Private Sector Public Funded,2015/16,19-23,Any other ethnic group,All Levels,All,310,62.7
Private Sector Public Funded,2015/16,19-23,Any other mixed / multiple ethnic,2,Intermediate,250,44.8
Private Sector Public Funded,2015/16,19-23,Any other mixed / multiple ethnic,3,Advanced,180,50.8
Private Sector Public Funded,2015/16,19-23,Any other mixed / multiple ethnic,4+,Higher,-,41.7
Private Sector Public Funded,2015/16,19-23,Any other mixed / multiple ethnic,All Levels,All,450,47.2
Private Sector Public Funded,2015/16,19-23,Any other White,2,Intermediate,"1,400",51.6
Private Sector Public Funded,2015/16,19-23,Any other White,3,Advanced,490,56.1
Private Sector Public Funded,2015/16,19-23,Any other White,4+,Higher,-,30.0
Private Sector Public Funded,2015/16,19-23,Any other White,All Levels,All,"1,910",52.5
Private Sector Public Funded,2015/16,19-23,Arab,2,Intermediate,30,61.3
Private Sector Public Funded,2015/16,19-23,Arab,3,Advanced,-,47.1
Private Sector Public Funded,2015/16,19-23,Arab,All Levels,All,50,56.9
Private Sector Public Funded,2015/16,19-23,Bangladeshi,2,Intermediate,310,48.4
Private Sector Public Funded,2015/16,19-23,Bangladeshi,3,Advanced,220,55.2
Private Sector Public Funded,2015/16,19-23,Bangladeshi,4+,Higher,-,28.6
Private Sector Public Funded,2015/16,19-23,Bangladeshi,All Levels,All,540,50.6
Private Sector Public Funded,2015/16,19-23,Caribbean,2,Intermediate,380,46.6
Private Sector Public Funded,2015/16,19-23,Caribbean,3,Advanced,280,49.8
Private Sector Public Funded,2015/16,19-23,Caribbean,4+,Higher,-,33.3
Private Sector Public Funded,2015/16,19-23,Caribbean,All Levels,All,680,47.6
Private Sector Public Funded,2015/16,19-23,Chinese,2,Intermediate,30,63.3
Private Sector Public Funded,2015/16,19-23,Chinese,3,Advanced,-,78.6
Private Sector Public Funded,2015/16,19-23,Chinese,All Levels,All,50,66.0
Private Sector Public Funded,2015/16,19-23,English / Welsh / Scottish / Northern Irish / British,2,Intermediate,"32,960",58.9
Private Sector Public Funded,2015/16,19-23,English / Welsh / Scottish / Northern Irish / British,3,Advanced,"23,600",63.4
Private Sector Public Funded,2015/16,19-23,English / Welsh / Scottish / Northern Irish / British,4+,Higher,"1,460",38.9
Private Sector Public Funded,2015/16,19-23,English / Welsh / Scottish / Northern Irish / British,All Levels,All,"58,020",60.2
Private Sector Public Funded,2015/16,19-23,Gypsy or Irish Traveller,2,Intermediate,-,43.8
Private Sector Public Funded,2015/16,19-23,Gypsy or Irish Traveller,3,Advanced,-,20.0
Private Sector Public Funded,2015/16,19-23,Gypsy or Irish Traveller,All Levels,All,-,38.1
Private Sector Public Funded,2015/16,19-23,Indian,2,Intermediate,400,52.0
Private Sector Public Funded,2015/16,19-23,Indian,3,Advanced,300,64.4
Private Sector Public Funded,2015/16,19-23,Indian,4+,Higher,40,33.3
Private Sector Public Funded,2015/16,19-23,Indian,All Levels,All,750,56.0
Private Sector Public Funded,2015/16,19-23,Irish,2,Intermediate,100,50.5
Private Sector Public Funded,2015/16,19-23,Irish,3,Advanced,70,65.3
Private Sector Public Funded,2015/16,19-23,Irish,All Levels,All,180,55.9
Private Sector Public Funded,2015/16,19-23,Not Provided,2,Intermediate,300,42.3
Private Sector Public Funded,2015/16,19-23,Not Provided,3,Advanced,160,54.8
Private Sector Public Funded,2015/16,19-23,Not Provided,4+,Higher,-,42.9
Private Sector Public Funded,2015/16,19-23,Not Provided,All Levels,All,460,46.5
Private Sector Public Funded,2015/16,19-23,Pakistani,2,Intermediate,600,52.3
Private Sector Public Funded,2015/16,19-23,Pakistani,3,Advanced,380,58.7
Private Sector Public Funded,2015/16,19-23,Pakistani,4+,Higher,-,39.1
Private Sector Public Funded,2015/16,19-23,Pakistani,All Levels,All,"1,000",54.4
Private Sector Public Funded,2015/16,19-23,White and Asian,2,Intermediate,150,55.1
Private Sector Public Funded,2015/16,19-23,White and Asian,3,Advanced,110,66.0
Private Sector Public Funded,2015/16,19-23,White and Asian,4+,Higher,-,33.3
Private Sector Public Funded,2015/16,19-23,White and Asian,All Levels,All,270,58.5
Private Sector Public Funded,2015/16,19-23,White and Black African,2,Intermediate,110,53.8
Private Sector Public Funded,2015/16,19-23,White and Black African,3,Advanced,60,62.3
Private Sector Public Funded,2015/16,19-23,White and Black African,All Levels,All,170,56.1
Private Sector Public Funded,2015/16,19-23,White and Black Caribbean,2,Intermediate,510,48.5
Private Sector Public Funded,2015/16,19-23,White and Black Caribbean,3,Advanced,310,57.4
Private Sector Public Funded,2015/16,19-23,White and Black Caribbean,4+,Higher,-,43.8
Private Sector Public Funded,2015/16,19-23,White and Black Caribbean,All Levels,All,830,51.7
Private Sector Public Funded,2015/16,24+,African,2,Intermediate,"1,670",54.5
Private Sector Public Funded,2015/16,24+,African,3,Advanced,"1,200",56.5
Private Sector Public Funded,2015/16,24+,African,4+,Higher,110,42.3
Private Sector Public Funded,2015/16,24+,African,All Levels,All,"2,980",54.8
Private Sector Public Funded,2015/16,24+,Any other Asian,2,Intermediate,840,50.8
Private Sector Public Funded,2015/16,24+,Any other Asian,3,Advanced,450,51.0
Private Sector Public Funded,2015/16,24+,Any other Asian,4+,Higher,40,34.1
Private Sector Public Funded,2015/16,24+,Any other Asian,All Levels,All,"1,330",50.3
Private Sector Public Funded,2015/16,24+,Any other Black / African / Caribbean,2,Intermediate,530,47.0
Private Sector Public Funded,2015/16,24+,Any other Black / African / Caribbean,3,Advanced,360,48.1
Private Sector Public Funded,2015/16,24+,Any other Black / African / Caribbean,4+,Higher,40,37.2
Private Sector Public Funded,2015/16,24+,Any other Black / African / Caribbean,All Levels,All,930,46.9
Private Sector Public Funded,2015/16,24+,Any other ethnic group,2,Intermediate,640,45.2
Private Sector Public Funded,2015/16,24+,Any other ethnic group,3,Advanced,240,52.5
Private Sector Public Funded,2015/16,24+,Any other ethnic group,4+,Higher,-,53.8
Private Sector Public Funded,2015/16,24+,Any other ethnic group,All Levels,All,910,47.4
Private Sector Public Funded,2015/16,24+,Any other mixed / multiple ethnic,2,Intermediate,430,56.2
Private Sector Public Funded,2015/16,24+,Any other mixed / multiple ethnic,3,Advanced,270,52.3
Private Sector Public Funded,2015/16,24+,Any other mixed / multiple ethnic,4+,Higher,-,40.7
Private Sector Public Funded,2015/16,24+,Any other mixed / multiple ethnic,All Levels,All,720,54.2
Private Sector Public Funded,2015/16,24+,Any other White,2,Intermediate,"6,310",55.8
Private Sector Public Funded,2015/16,24+,Any other White,3,Advanced,"2,850",56.7
Private Sector Public Funded,2015/16,24+,Any other White,4+,Higher,180,39.8
Private Sector Public Funded,2015/16,24+,Any other White,All Levels,All,"9,330",55.8
Private Sector Public Funded,2015/16,24+,Arab,2,Intermediate,80,58.0
Private Sector Public Funded,2015/16,24+,Arab,3,Advanced,40,56.1
Private Sector Public Funded,2015/16,24+,Arab,All Levels,All,130,56.8
Private Sector Public Funded,2015/16,24+,Bangladeshi,2,Intermediate,370,66.8
Private Sector Public Funded,2015/16,24+,Bangladeshi,3,Advanced,150,54.5
Private Sector Public Funded,2015/16,24+,Bangladeshi,4+,Higher,-,28.6
Private Sector Public Funded,2015/16,24+,Bangladeshi,All Levels,All,540,62.3
Private Sector Public Funded,2015/16,24+,Caribbean,2,Intermediate,800,50.2
Private Sector Public Funded,2015/16,24+,Caribbean,3,Advanced,580,50.9
Private Sector Public Funded,2015/16,24+,Caribbean,4+,Higher,80,53.3
Private Sector Public Funded,2015/16,24+,Caribbean,All Levels,All,"1,450",50.6
Private Sector Public Funded,2015/16,24+,Chinese,2,Intermediate,130,51.6
Private Sector Public Funded,2015/16,24+,Chinese,3,Advanced,60,61.4
Private Sector Public Funded,2015/16,24+,Chinese,All Levels,All,190,54.0
Private Sector Public Funded,2015/16,24+,English / Welsh / Scottish / Northern Irish / British,2,Intermediate,"48,850",54.4
Private Sector Public Funded,2015/16,24+,English / Welsh / Scottish / Northern Irish / British,3,Advanced,"35,670",54.3
Private Sector Public Funded,2015/16,24+,English / Welsh / Scottish / Northern Irish / British,4+,Higher,"4,250",45.9
Private Sector Public Funded,2015/16,24+,English / Welsh / Scottish / Northern Irish / British,All Levels,All,"88,770",54.0
Private Sector Public Funded,2015/16,24+,Gypsy or Irish Traveller,2,Intermediate,-,53.6
Private Sector Public Funded,2015/16,24+,Gypsy or Irish Traveller,3,Advanced,-,41.7
Private Sector Public Funded,2015/16,24+,Gypsy or Irish Traveller,All Levels,All,40,48.8
Private Sector Public Funded,2015/16,24+,Indian,2,Intermediate,"1,290",43.7
Private Sector Public Funded,2015/16,24+,Indian,3,Advanced,680,51.8
Private Sector Public Funded,2015/16,24+,Indian,4+,Higher,100,60.8
Private Sector Public Funded,2015/16,24+,Indian,All Levels,All,"2,060",47.2
Private Sector Public Funded,2015/16,24+,Irish,2,Intermediate,270,47.8
Private Sector Public Funded,2015/16,24+,Irish,3,Advanced,170,47.6
Private Sector Public Funded,2015/16,24+,Irish,4+,Higher,-,40.0
Private Sector Public Funded,2015/16,24+,Irish,All Levels,All,450,47.5
Private Sector Public Funded,2015/16,24+,Not Provided,2,Intermediate,590,40.6
Private Sector Public Funded,2015/16,24+,Not Provided,3,Advanced,290,50.7
Private Sector Public Funded,2015/16,24+,Not Provided,4+,Higher,30,50.0
Private Sector Public Funded,2015/16,24+,Not Provided,All Levels,All,910,44.1
Private Sector Public Funded,2015/16,24+,Pakistani,2,Intermediate,970,53.7
Private Sector Public Funded,2015/16,24+,Pakistani,3,Advanced,470,54.9
Private Sector Public Funded,2015/16,24+,Pakistani,4+,Higher,60,52.7
Private Sector Public Funded,2015/16,24+,Pakistani,All Levels,All,"1,500",54.0
Private Sector Public Funded,2015/16,24+,White and Asian,2,Intermediate,200,51.0
Private Sector Public Funded,2015/16,24+,White and Asian,3,Advanced,110,51.3
Private Sector Public Funded,2015/16,24+,White and Asian,4+,Higher,-,52.2
Private Sector Public Funded,2015/16,24+,White and Asian,All Levels,All,340,51.2
Private Sector Public Funded,2015/16,24+,White and Black African,2,Intermediate,220,45.7
Private Sector Public Funded,2015/16,24+,White and Black African,3,Advanced,150,44.8
Private Sector Public Funded,2015/16,24+,White and Black African,4+,Higher,-,47.4
Private Sector Public Funded,2015/16,24+,White and Black African,All Levels,All,400,45.5
Private Sector Public Funded,2015/16,24+,White and Black Caribbean,2,Intermediate,500,48.0
Private Sector Public Funded,2015/16,24+,White and Black Caribbean,3,Advanced,290,48.3
Private Sector Public Funded,2015/16,24+,White and Black Caribbean,4+,Higher,40,44.4
Private Sector Public Funded,2015/16,24+,White and Black Caribbean,All Levels,All,820,47.9
Private Sector Public Funded,2015/16,All Age,African,2,Intermediate,"2,150",52.6
Private Sector Public Funded,2015/16,All Age,African,3,Advanced,"1,630",58.1
Private Sector Public Funded,2015/16,All Age,African,4+,Higher,120,41.0
Private Sector Public Funded,2015/16,All Age,African,All Levels,All,"3,900",54.5
Private Sector Public Funded,2015/16,All Age,Any other Asian,2,Intermediate,"1,170",51.6
Private Sector Public Funded,2015/16,All Age,Any other Asian,3,Advanced,660,55.5
Private Sector Public Funded,2015/16,All Age,Any other Asian,4+,Higher,70,31.4
Private Sector Public Funded,2015/16,All Age,Any other Asian,All Levels,All,"1,910",52.2
Private Sector Public Funded,2015/16,All Age,Any other Black / African / Caribbean,2,Intermediate,840,48.5
Private Sector Public Funded,2015/16,All Age,Any other Black / African / Caribbean,3,Advanced,560,49.5
Private Sector Public Funded,2015/16,All Age,Any other Black / African / Caribbean,4+,Higher,50,34.6
Private Sector Public Funded,2015/16,All Age,Any other Black / African / Caribbean,All Levels,All,"1,450",48.4
Private Sector Public Funded,2015/16,All Age,Any other ethnic group,2,Intermediate,"1,020",51.2
Private Sector Public Funded,2015/16,All Age,Any other ethnic group,3,Advanced,380,55.7
Private Sector Public Funded,2015/16,All Age,Any other ethnic group,4+,Higher,40,44.4
Private Sector Public Funded,2015/16,All Age,Any other ethnic group,All Levels,All,"1,440",52.3
Private Sector Public Funded,2015/16,All Age,Any other mixed / multiple ethnic,2,Intermediate,880,53.3
Private Sector Public Funded,2015/16,All Age,Any other mixed / multiple ethnic,3,Advanced,570,52.7
Private Sector Public Funded,2015/16,All Age,Any other mixed / multiple ethnic,4+,Higher,50,43.5
Private Sector Public Funded,2015/16,All Age,Any other mixed / multiple ethnic,All Levels,All,"1,490",52.7
Private Sector Public Funded,2015/16,All Age,Any other White,2,Intermediate,"8,040",55.2
Private Sector Public Funded,2015/16,All Age,Any other White,3,Advanced,"3,580",57.1
Private Sector Public Funded,2015/16,All Age,Any other White,4+,Higher,210,38.6
Private Sector Public Funded,2015/16,All Age,Any other White,All Levels,All,"11,820",55.5
Private Sector Public Funded,2015/16,All Age,Arab,2,Intermediate,130,56.4
Private Sector Public Funded,2015/16,All Age,Arab,3,Advanced,70,51.4
Private Sector Public Funded,2015/16,All Age,Arab,4+,Higher,-,42.9
Private Sector Public Funded,2015/16,All Age,Arab,All Levels,All,210,54.2
Private Sector Public Funded,2015/16,All Age,Bangladeshi,2,Intermediate,920,57.9
Private Sector Public Funded,2015/16,All Age,Bangladeshi,3,Advanced,470,55.0
Private Sector Public Funded,2015/16,All Age,Bangladeshi,4+,Higher,30,24.2
Private Sector Public Funded,2015/16,All Age,Bangladeshi,All Levels,All,"1,430",56.1
Private Sector Public Funded,2015/16,All Age,Caribbean,2,Intermediate,"1,450",48.7
Private Sector Public Funded,2015/16,All Age,Caribbean,3,Advanced,"1,050",52.5
Private Sector Public Funded,2015/16,All Age,Caribbean,4+,Higher,100,50.0
Private Sector Public Funded,2015/16,All Age,Caribbean,All Levels,All,"2,600",50.3
Private Sector Public Funded,2015/16,All Age,Chinese,2,Intermediate,170,53.8
Private Sector Public Funded,2015/16,All Age,Chinese,3,Advanced,90,66.3
Private Sector Public Funded,2015/16,All Age,Chinese,4+,Higher,-,18.2
Private Sector Public Funded,2015/16,All Age,Chinese,All Levels,All,270,56.4
Private Sector Public Funded,2015/16,All Age,English / Welsh / Scottish / Northern Irish / British,2,Intermediate,"114,510",58.0
Private Sector Public Funded,2015/16,All Age,English / Welsh / Scottish / Northern Irish / British,3,Advanced,"75,220",59.8
Private Sector Public Funded,2015/16,All Age,English / Welsh / Scottish / Northern Irish / British,4+,Higher,"6,150",43.4
Private Sector Public Funded,2015/16,All Age,English / Welsh / Scottish / Northern Irish / British,All Levels,All,"195,880",58.3
Private Sector Public Funded,2015/16,All Age,Gypsy or Irish Traveller,2,Intermediate,50,49.1
Private Sector Public Funded,2015/16,All Age,Gypsy or Irish Traveller,3,Advanced,-,36.8
Private Sector Public Funded,2015/16,All Age,Gypsy or Irish Traveller,All Levels,All,80,45.3
Private Sector Public Funded,2015/16,All Age,Indian,2,Intermediate,"1,990",48.5
Private Sector Public Funded,2015/16,All Age,Indian,3,Advanced,"1,210",57.9
Private Sector Public Funded,2015/16,All Age,Indian,4+,Higher,150,52.6
Private Sector Public Funded,2015/16,All Age,Indian,All Levels,All,"3,350",52.1
Private Sector Public Funded,2015/16,All Age,Irish,2,Intermediate,470,49.3
Private Sector Public Funded,2015/16,All Age,Irish,3,Advanced,290,56.2
Private Sector Public Funded,2015/16,All Age,Irish,4+,Higher,-,33.3
Private Sector Public Funded,2015/16,All Age,Irish,All Levels,All,780,51.6
Private Sector Public Funded,2015/16,All Age,Not Provided,2,Intermediate,"1,240",45.0
Private Sector Public Funded,2015/16,All Age,Not Provided,3,Advanced,530,51.7
Private Sector Public Funded,2015/16,All Age,Not Provided,4+,Higher,40,50.0
Private Sector Public Funded,2015/16,All Age,Not Provided,All Levels,All,"1,810",47.1
Private Sector Public Funded,2015/16,All Age,Pakistani,2,Intermediate,"2,010",54.1
Private Sector Public Funded,2015/16,All Age,Pakistani,3,Advanced,"1,060",58.1
Private Sector Public Funded,2015/16,All Age,Pakistani,4+,Higher,90,45.7
Private Sector Public Funded,2015/16,All Age,Pakistani,All Levels,All,"3,160",55.2
Private Sector Public Funded,2015/16,All Age,White and Asian,2,Intermediate,500,54.4
Private Sector Public Funded,2015/16,All Age,White and Asian,3,Advanced,300,59.5
Private Sector Public Funded,2015/16,All Age,White and Asian,4+,Higher,40,48.6
Private Sector Public Funded,2015/16,All Age,White and Asian,All Levels,All,840,56.0
Private Sector Public Funded,2015/16,All Age,White and Black African,2,Intermediate,410,45.9
Private Sector Public Funded,2015/16,All Age,White and Black African,3,Advanced,270,52.0
Private Sector Public Funded,2015/16,All Age,White and Black African,4+,Higher,-,38.5
Private Sector Public Funded,2015/16,All Age,White and Black African,All Levels,All,710,48.0
Private Sector Public Funded,2015/16,All Age,White and Black Caribbean,2,Intermediate,"1,500",49.9
Private Sector Public Funded,2015/16,All Age,White and Black Caribbean,3,Advanced,860,55.7
Private Sector Public Funded,2015/16,All Age,White and Black Caribbean,4+,Higher,60,42.9
Private Sector Public Funded,2015/16,All Age,White and Black Caribbean,All Levels,All,"2,420",51.8
Schools,2015/16,16-18,English / Welsh / Scottish / Northern Irish / British,2,Intermediate,-,71.4
Schools,2015/16,16-18,English / Welsh / Scottish / Northern Irish / British,All Levels,All,-,71.4
Schools,2015/16,All Age,English / Welsh / Scottish / Northern Irish / British,2,Intermediate,-,71.4
Schools,2015/16,All Age,English / Welsh / Scottish / Northern Irish / British,All Levels,All,-,71.4
Sixth Form College,2015/16,16-18,African,3,Advanced,-,81.8
Sixth Form College,2015/16,16-18,African,All Levels,All,-,71.4
Sixth Form College,2015/16,16-18,Any other Asian,3,Advanced,-,85.7
Sixth Form College,2015/16,16-18,Any other Asian,All Levels,All,-,75.0
Sixth Form College,2015/16,16-18,Any other Black / African / Caribbean,2,Intermediate,-,20.0
Sixth Form College,2015/16,16-18,Any other Black / African / Caribbean,3,Advanced,-,80.0
Sixth Form College,2015/16,16-18,Any other Black / African / Caribbean,All Levels,All,-,50.0
Sixth Form College,2015/16,16-18,Any other mixed / multiple ethnic,3,Advanced,-,66.7
Sixth Form College,2015/16,16-18,Any other mixed / multiple ethnic,All Levels,All,-,55.6
Sixth Form College,2015/16,16-18,Any other White,2,Intermediate,-,40.0
Sixth Form College,2015/16,16-18,Any other White,All Levels,All,-,37.5
Sixth Form College,2015/16,16-18,Bangladeshi,2,Intermediate,100,73.5
Sixth Form College,2015/16,16-18,Bangladeshi,All Levels,All,100,73.0
Sixth Form College,2015/16,16-18,Caribbean,3,Advanced,-,71.4
Sixth Form College,2015/16,16-18,Caribbean,All Levels,All,-,70.0
Sixth Form College,2015/16,16-18,English / Welsh / Scottish / Northern Irish / British,2,Intermediate,320,60.4
Sixth Form College,2015/16,16-18,English / Welsh / Scottish / Northern Irish / British,3,Advanced,160,62.6
Sixth Form College,2015/16,16-18,English / Welsh / Scottish / Northern Irish / British,All Levels,All,480,61.3
Sixth Form College,2015/16,16-18,Pakistani,2,Intermediate,-,66.7
Sixth Form College,2015/16,16-18,Pakistani,All Levels,All,-,66.7
Sixth Form College,2015/16,16-18,White and Black Caribbean,2,Intermediate,-,0.0
Sixth Form College,2015/16,16-18,White and Black Caribbean,3,Advanced,-,80.0
Sixth Form College,2015/16,16-18,White and Black Caribbean,All Levels,All,-,36.4
Sixth Form College,2015/16,19-23,African,All Levels,All,-,37.5
Sixth Form College,2015/16,19-23,Any other White,2,Intermediate,-,66.7
Sixth Form College,2015/16,19-23,Any other White,3,Advanced,-,37.5
Sixth Form College,2015/16,19-23,Any other White,All Levels,All,-,55.0
Sixth Form College,2015/16,19-23,Bangladeshi,2,Intermediate,110,76.4
Sixth Form College,2015/16,19-23,Bangladeshi,All Levels,All,110,75.7
Sixth Form College,2015/16,19-23,Caribbean,2,Intermediate,-,20.0
Sixth Form College,2015/16,19-23,Caribbean,All Levels,All,-,28.6
Sixth Form College,2015/16,19-23,English / Welsh / Scottish / Northern Irish / British,2,Intermediate,160,51.6
Sixth Form College,2015/16,19-23,English / Welsh / Scottish / Northern Irish / British,3,Advanced,160,61.5
Sixth Form College,2015/16,19-23,English / Welsh / Scottish / Northern Irish / British,4+,Higher,-,14.3
Sixth Form College,2015/16,19-23,English / Welsh / Scottish / Northern Irish / British,All Levels,All,330,55.7
Sixth Form College,2015/16,19-23,Indian,All Levels,All,-,40.0
Sixth Form College,2015/16,19-23,Pakistani,2,Intermediate,-,37.5
Sixth Form College,2015/16,19-23,Pakistani,All Levels,All,-,38.5
Sixth Form College,2015/16,24+,African,2,Intermediate,-,60.0
Sixth Form College,2015/16,24+,African,All Levels,All,-,54.5
Sixth Form College,2015/16,24+,Any other Asian,All Levels,All,-,57.1
Sixth Form College,2015/16,24+,Any other White,2,Intermediate,-,50.0
Sixth Form College,2015/16,24+,Any other White,3,Advanced,-,75.0
Sixth Form College,2015/16,24+,Any other White,All Levels,All,-,63.0
Sixth Form College,2015/16,24+,Bangladeshi,2,Intermediate,80,69.3
Sixth Form College,2015/16,24+,Bangladeshi,All Levels,All,80,69.3
Sixth Form College,2015/16,24+,Caribbean,2,Intermediate,-,80.0
Sixth Form College,2015/16,24+,Caribbean,All Levels,All,-,57.1
Sixth Form College,2015/16,24+,English / Welsh / Scottish / Northern Irish / British,2,Intermediate,90,47.2
Sixth Form College,2015/16,24+,English / Welsh / Scottish / Northern Irish / British,3,Advanced,100,48.0
Sixth Form College,2015/16,24+,English / Welsh / Scottish / Northern Irish / British,4+,Higher,-,0.0
Sixth Form College,2015/16,24+,English / Welsh / Scottish / Northern Irish / British,All Levels,All,210,42.2
Sixth Form College,2015/16,24+,Indian,All Levels,All,-,50.0
Sixth Form College,2015/16,24+,Pakistani,All Levels,All,-,14.3
Sixth Form College,2015/16,All Age,African,2,Intermediate,-,52.9
Sixth Form College,2015/16,All Age,African,3,Advanced,-,62.5
Sixth Form College,2015/16,All Age,African,All Levels,All,30,57.6
Sixth Form College,2015/16,All Age,Any other Asian,2,Intermediate,-,66.7
Sixth Form College,2015/16,All Age,Any other Asian,3,Advanced,-,70.0
Sixth Form College,2015/16,All Age,Any other Asian,All Levels,All,-,68.8
Sixth Form College,2015/16,All Age,Any other Black / African / Caribbean,2,Intermediate,-,14.3
Sixth Form College,2015/16,All Age,Any other Black / African / Caribbean,3,Advanced,-,57.1
Sixth Form College,2015/16,All Age,Any other Black / African / Caribbean,All Levels,All,-,33.3
Sixth Form College,2015/16,All Age,Any other mixed / multiple ethnic,2,Intermediate,-,50.0
Sixth Form College,2015/16,All Age,Any other mixed / multiple ethnic,3,Advanced,-,66.7
Sixth Form College,2015/16,All Age,Any other mixed / multiple ethnic,All Levels,All,-,60.0
Sixth Form College,2015/16,All Age,Any other White,2,Intermediate,30,54.8
Sixth Form College,2015/16,All Age,Any other White,3,Advanced,-,56.5
Sixth Form College,2015/16,All Age,Any other White,All Levels,All,60,56.4
Sixth Form College,2015/16,All Age,Bangladeshi,2,Intermediate,280,73.5
Sixth Form College,2015/16,All Age,Bangladeshi,All Levels,All,290,73.1
Sixth Form College,2015/16,All Age,Caribbean,2,Intermediate,-,53.8
Sixth Form College,2015/16,All Age,Caribbean,3,Advanced,-,54.5
Sixth Form College,2015/16,All Age,Caribbean,All Levels,All,-,54.2
Sixth Form College,2015/16,All Age,English / Welsh / Scottish / Northern Irish / British,2,Intermediate,570,55.9
Sixth Form College,2015/16,All Age,English / Welsh / Scottish / Northern Irish / British,3,Advanced,410,58.7
Sixth Form College,2015/16,All Age,English / Welsh / Scottish / Northern Irish / British,4+,Higher,30,11.8
Sixth Form College,2015/16,All Age,English / Welsh / Scottish / Northern Irish / British,All Levels,All,"1,020",55.6
Sixth Form College,2015/16,All Age,Indian,2,Intermediate,-,62.5
Sixth Form College,2015/16,All Age,Indian,All Levels,All,-,50.0
Sixth Form College,2015/16,All Age,Not Provided,2,Intermediate,-,50.0
Sixth Form College,2015/16,All Age,Not Provided,All Levels,All,-,55.6
Sixth Form College,2015/16,All Age,Pakistani,2,Intermediate,-,41.2
Sixth Form College,2015/16,All Age,Pakistani,3,Advanced,-,45.5
Sixth Form College,2015/16,All Age,Pakistani,All Levels,All,-,41.4
Sixth Form College,2015/16,All Age,White and Black African,All Levels,All,-,50.0
Sixth Form College,2015/16,All Age,White and Black Caribbean,2,Intermediate,-,30.0
Sixth Form College,2015/16,All Age,White and Black Caribbean,3,Advanced,-,80.0
Sixth Form College,2015/16,All Age,White and Black Caribbean,All Levels,All,-,43.8
Specialist College,2015/16,16-18,English / Welsh / Scottish / Northern Irish / British,2,Intermediate,"1,210",63.6
Specialist College,2015/16,16-18,English / Welsh / Scottish / Northern Irish / British,3,Advanced,210,68.6
Specialist College,2015/16,16-18,English / Welsh / Scottish / Northern Irish / British,All Levels,All,"1,420",64.3
Specialist College,2015/16,16-18,Not Provided,3,Advanced,-,100.0
Specialist College,2015/16,16-18,Not Provided,All Levels,All,-,88.9
Specialist College,2015/16,19-23,Any other White,All Levels,All,-,50.0
Specialist College,2015/16,19-23,English / Welsh / Scottish / Northern Irish / British,2,Intermediate,640,69.3
Specialist College,2015/16,19-23,English / Welsh / Scottish / Northern Irish / British,3,Advanced,320,59.4
Specialist College,2015/16,19-23,English / Welsh / Scottish / Northern Irish / British,4+,Higher,-,25.0
Specialist College,2015/16,19-23,English / Welsh / Scottish / Northern Irish / British,All Levels,All,970,65.5
Specialist College,2015/16,19-23,White and Black Caribbean,All Levels,All,-,40.0
Specialist College,2015/16,24+,African,All Levels,All,-,60.0
Specialist College,2015/16,24+,Any other Asian,All Levels,All,-,50.0
Specialist College,2015/16,24+,Any other White,2,Intermediate,30,54.8
Specialist College,2015/16,24+,Any other White,3,Advanced,-,45.5
Specialist College,2015/16,24+,Any other White,All Levels,All,40,52.3
Specialist College,2015/16,24+,English / Welsh / Scottish / Northern Irish / British,2,Intermediate,360,68.2
Specialist College,2015/16,24+,English / Welsh / Scottish / Northern Irish / British,3,Advanced,260,57.2
Specialist College,2015/16,24+,English / Welsh / Scottish / Northern Irish / British,4+,Higher,60,57.1
Specialist College,2015/16,24+,English / Welsh / Scottish / Northern Irish / British,All Levels,All,670,63.0
Specialist College,2015/16,24+,Indian,2,Intermediate,-,55.6
Specialist College,2015/16,24+,Indian,All Levels,All,-,58.3
Specialist College,2015/16,All Age,African,All Levels,All,-,37.5
Specialist College,2015/16,All Age,Any other Asian,All Levels,All,-,50.0
Specialist College,2015/16,All Age,Any other Black / African / Caribbean,All Levels,All,-,40.0
Specialist College,2015/16,All Age,Any other White,2,Intermediate,40,60.0
Specialist College,2015/16,All Age,Any other White,3,Advanced,-,43.8
Specialist College,2015/16,All Age,Any other White,All Levels,All,50,54.7
Specialist College,2015/16,All Age,Caribbean,2,Intermediate,-,37.5
Specialist College,2015/16,All Age,Caribbean,All Levels,All,-,40.0
Specialist College,2015/16,All Age,English / Welsh / Scottish / Northern Irish / British,2,Intermediate,"2,200",66.0
Specialist College,2015/16,All Age,English / Welsh / Scottish / Northern Irish / British,3,Advanced,780,61.1
Specialist College,2015/16,All Age,English / Welsh / Scottish / Northern Irish / British,4+,Higher,70,51.4
Specialist College,2015/16,All Age,English / Welsh / Scottish / Northern Irish / British,All Levels,All,"3,060",64.4
Specialist College,2015/16,All Age,Indian,2,Intermediate,-,50.0
Specialist College,2015/16,All Age,Indian,All Levels,All,-,46.7
Specialist College,2015/16,All Age,Irish,2,Intermediate,-,80.0
Specialist College,2015/16,All Age,Irish,All Levels,All,-,80.0
Specialist College,2015/16,All Age,Not Provided,3,Advanced,-,100.0
Specialist College,2015/16,All Age,Not Provided,All Levels,All,-,88.9
Specialist College,2015/16,All Age,White and Black African,All Levels,All,-,33.3
Specialist College,2015/16,All Age,White and Black Caribbean,2,Intermediate,-,62.5
Specialist College,2015/16,All Age,White and Black Caribbean,All Levels,All,-,55.6
All Institution Type,2015/16,16-18,African,2,Intermediate,270,48.7
All Institution Type,2015/16,16-18,African,3,Advanced,340,73.7
All Institution Type,2015/16,16-18,African,4+,Higher,-,20.0
All Institution Type,2015/16,16-18,African,All Levels,All,610,62.3
All Institution Type,2015/16,16-18,Any other Asian,2,Intermediate,230,64.3
All Institution Type,2015/16,16-18,Any other Asian,3,Advanced,200,69.5
All Institution Type,2015/16,16-18,Any other Asian,4+,Higher,-,14.3
All Institution Type,2015/16,16-18,Any other Asian,All Levels,All,440,65.9
All Institution Type,2015/16,16-18,Any other Black / African / Caribbean,2,Intermediate,200,53.3
All Institution Type,2015/16,16-18,Any other Black / African / Caribbean,3,Advanced,130,53.2
All Institution Type,2015/16,16-18,Any other Black / African / Caribbean,All Levels,All,320,52.8
All Institution Type,2015/16,16-18,Any other ethnic group,2,Intermediate,250,60.6
All Institution Type,2015/16,16-18,Any other ethnic group,3,Advanced,220,78.4
All Institution Type,2015/16,16-18,Any other ethnic group,All Levels,All,480,68.8
All Institution Type,2015/16,16-18,Any other mixed / multiple ethnic,2,Intermediate,340,57.4
All Institution Type,2015/16,16-18,Any other mixed / multiple ethnic,3,Advanced,190,54.3
All Institution Type,2015/16,16-18,Any other mixed / multiple ethnic,4+,Higher,-,62.5
All Institution Type,2015/16,16-18,Any other mixed / multiple ethnic,All Levels,All,530,56.4
All Institution Type,2015/16,16-18,Any other White,2,Intermediate,620,56.4
All Institution Type,2015/16,16-18,Any other White,3,Advanced,370,62.6
All Institution Type,2015/16,16-18,Any other White,4+,Higher,-,30.0
All Institution Type,2015/16,16-18,Any other White,All Levels,All,990,58.4
All Institution Type,2015/16,16-18,Arab,2,Intermediate,40,44.4
All Institution Type,2015/16,16-18,Arab,3,Advanced,-,68.0
All Institution Type,2015/16,16-18,Arab,All Levels,All,60,53.2
All Institution Type,2015/16,16-18,Bangladeshi,2,Intermediate,780,66.9
All Institution Type,2015/16,16-18,Bangladeshi,3,Advanced,160,50.3
All Institution Type,2015/16,16-18,Bangladeshi,4+,Higher,-,0.0
All Institution Type,2015/16,16-18,Bangladeshi,All Levels,All,950,63.6
All Institution Type,2015/16,16-18,Caribbean,2,Intermediate,460,48.9
All Institution Type,2015/16,16-18,Caribbean,3,Advanced,290,58.2
All Institution Type,2015/16,16-18,Caribbean,4+,Higher,-,57.1
All Institution Type,2015/16,16-18,Caribbean,All Levels,All,750,52.5
All Institution Type,2015/16,16-18,Chinese,2,Intermediate,-,55.6
All Institution Type,2015/16,16-18,Chinese,3,Advanced,-,71.4
All Institution Type,2015/16,16-18,Chinese,All Levels,All,50,57.7
All Institution Type,2015/16,16-18,English / Welsh / Scottish / Northern Irish / British,2,Intermediate,"64,770",62.1
All Institution Type,2015/16,16-18,English / Welsh / Scottish / Northern Irish / British,3,Advanced,"29,110",64.5
All Institution Type,2015/16,16-18,English / Welsh / Scottish / Northern Irish / British,4+,Higher,600,34.1
All Institution Type,2015/16,16-18,English / Welsh / Scottish / Northern Irish / British,All Levels,All,"94,470",62.6
All Institution Type,2015/16,16-18,Gypsy or Irish Traveller,2,Intermediate,-,44.8
All Institution Type,2015/16,16-18,Gypsy or Irish Traveller,3,Advanced,-,28.6
All Institution Type,2015/16,16-18,Gypsy or Irish Traveller,All Levels,All,40,41.7
All Institution Type,2015/16,16-18,Indian,2,Intermediate,490,64.5
All Institution Type,2015/16,16-18,Indian,3,Advanced,340,65.7
All Institution Type,2015/16,16-18,Indian,4+,Higher,-,44.4
All Institution Type,2015/16,16-18,Indian,All Levels,All,850,64.6
All Institution Type,2015/16,16-18,Irish,2,Intermediate,180,50.3
All Institution Type,2015/16,16-18,Irish,3,Advanced,80,68.8
All Institution Type,2015/16,16-18,Irish,All Levels,All,260,55.9
All Institution Type,2015/16,16-18,Not Provided,2,Intermediate,720,60.5
All Institution Type,2015/16,16-18,Not Provided,3,Advanced,260,56.8
All Institution Type,2015/16,16-18,Not Provided,4+,Higher,-,100.0
All Institution Type,2015/16,16-18,Not Provided,All Levels,All,980,59.7
All Institution Type,2015/16,16-18,Pakistani,2,Intermediate,760,58.9
All Institution Type,2015/16,16-18,Pakistani,3,Advanced,340,60.7
All Institution Type,2015/16,16-18,Pakistani,4+,Higher,-,26.3
All Institution Type,2015/16,16-18,Pakistani,All Levels,All,"1,120",58.9
All Institution Type,2015/16,16-18,White and Asian,2,Intermediate,250,58.9
All Institution Type,2015/16,16-18,White and Asian,3,Advanced,140,59.4
All Institution Type,2015/16,16-18,White and Asian,All Levels,All,390,59.3
All Institution Type,2015/16,16-18,White and Black African,2,Intermediate,150,41.3
All Institution Type,2015/16,16-18,White and Black African,3,Advanced,100,64.2
All Institution Type,2015/16,16-18,White and Black African,All Levels,All,250,49.6
All Institution Type,2015/16,16-18,White and Black Caribbean,2,Intermediate,880,51.4
All Institution Type,2015/16,16-18,White and Black Caribbean,3,Advanced,430,59.9
All Institution Type,2015/16,16-18,White and Black Caribbean,4+,Higher,-,20.0
All Institution Type,2015/16,16-18,White and Black Caribbean,All Levels,All,"1,310",54.0
All Institution Type,2015/16,19-23,African,2,Intermediate,550,50.5
All Institution Type,2015/16,19-23,African,3,Advanced,390,57.4
All Institution Type,2015/16,19-23,African,4+,Higher,-,33.3
All Institution Type,2015/16,19-23,African,All Levels,All,950,53.2
All Institution Type,2015/16,19-23,Any other Asian,2,Intermediate,510,55.7
All Institution Type,2015/16,19-23,Any other Asian,3,Advanced,240,65.0
All Institution Type,2015/16,19-23,Any other Asian,4+,Higher,-,29.2
All Institution Type,2015/16,19-23,Any other Asian,All Levels,All,780,57.8
All Institution Type,2015/16,19-23,Any other Black / African / Caribbean,2,Intermediate,280,51.4
All Institution Type,2015/16,19-23,Any other Black / African / Caribbean,3,Advanced,180,43.0
All Institution Type,2015/16,19-23,Any other Black / African / Caribbean,4+,Higher,-,33.3
All Institution Type,2015/16,19-23,Any other Black / African / Caribbean,All Levels,All,470,48.0
All Institution Type,2015/16,19-23,Any other ethnic group,2,Intermediate,340,58.6
All Institution Type,2015/16,19-23,Any other ethnic group,3,Advanced,190,64.9
All Institution Type,2015/16,19-23,Any other ethnic group,4+,Higher,-,0.0
All Institution Type,2015/16,19-23,Any other ethnic group,All Levels,All,530,59.8
All Institution Type,2015/16,19-23,Any other mixed / multiple ethnic,2,Intermediate,380,47.6
All Institution Type,2015/16,19-23,Any other mixed / multiple ethnic,3,Advanced,260,53.1
All Institution Type,2015/16,19-23,Any other mixed / multiple ethnic,4+,Higher,-,41.7
All Institution Type,2015/16,19-23,Any other mixed / multiple ethnic,All Levels,All,650,49.7
All Institution Type,2015/16,19-23,Any other White,2,Intermediate,"2,020",53.7
All Institution Type,2015/16,19-23,Any other White,3,Advanced,720,57.4
All Institution Type,2015/16,19-23,Any other White,4+,Higher,-,25.9
All Institution Type,2015/16,19-23,Any other White,All Levels,All,"2,770",54.4
All Institution Type,2015/16,19-23,Arab,2,Intermediate,50,60.4
All Institution Type,2015/16,19-23,Arab,3,Advanced,30,61.3
All Institution Type,2015/16,19-23,Arab,All Levels,All,90,60.9
All Institution Type,2015/16,19-23,Bangladeshi,2,Intermediate,960,60.8
All Institution Type,2015/16,19-23,Bangladeshi,3,Advanced,350,54.0
All Institution Type,2015/16,19-23,Bangladeshi,4+,Higher,-,22.7
All Institution Type,2015/16,19-23,Bangladeshi,All Levels,All,"1,330",58.4
All Institution Type,2015/16,19-23,Caribbean,2,Intermediate,720,49.2
All Institution Type,2015/16,19-23,Caribbean,3,Advanced,420,48.9
All Institution Type,2015/16,19-23,Caribbean,4+,Higher,-,26.1
All Institution Type,2015/16,19-23,Caribbean,All Levels,All,"1,160",48.6
All Institution Type,2015/16,19-23,Chinese,2,Intermediate,40,61.4
All Institution Type,2015/16,19-23,Chinese,3,Advanced,-,70.8
All Institution Type,2015/16,19-23,Chinese,All Levels,All,70,62.5
All Institution Type,2015/16,19-23,English / Welsh / Scottish / Northern Irish / British,2,Intermediate,"57,850",60.7
All Institution Type,2015/16,19-23,English / Welsh / Scottish / Northern Irish / British,3,Advanced,"40,530",63.1
All Institution Type,2015/16,19-23,English / Welsh / Scottish / Northern Irish / British,4+,Higher,"2,150",38.3
All Institution Type,2015/16,19-23,English / Welsh / Scottish / Northern Irish / British,All Levels,All,"100,520",61.2
All Institution Type,2015/16,19-23,Gypsy or Irish Traveller,2,Intermediate,-,42.3
All Institution Type,2015/16,19-23,Gypsy or Irish Traveller,3,Advanced,-,30.0
All Institution Type,2015/16,19-23,Gypsy or Irish Traveller,All Levels,All,40,38.9
All Institution Type,2015/16,19-23,Indian,2,Intermediate,640,55.8
All Institution Type,2015/16,19-23,Indian,3,Advanced,460,62.9
All Institution Type,2015/16,19-23,Indian,4+,Higher,60,33.9
All Institution Type,2015/16,19-23,Indian,All Levels,All,"1,160",57.6
All Institution Type,2015/16,19-23,Irish,2,Intermediate,200,50.2
All Institution Type,2015/16,19-23,Irish,3,Advanced,120,62.3
All Institution Type,2015/16,19-23,Irish,All Levels,All,330,54.3
All Institution Type,2015/16,19-23,Not Provided,2,Intermediate,720,55.7
All Institution Type,2015/16,19-23,Not Provided,3,Advanced,450,59.8
All Institution Type,2015/16,19-23,Not Provided,4+,Higher,-,47.1
All Institution Type,2015/16,19-23,Not Provided,All Levels,All,"1,190",57.2
All Institution Type,2015/16,19-23,Pakistani,2,Intermediate,950,54.5
All Institution Type,2015/16,19-23,Pakistani,3,Advanced,580,59.2
All Institution Type,2015/16,19-23,Pakistani,4+,Higher,-,37.9
All Institution Type,2015/16,19-23,Pakistani,All Levels,All,"1,560",56.0
All Institution Type,2015/16,19-23,White and Asian,2,Intermediate,250,56.6
All Institution Type,2015/16,19-23,White and Asian,3,Advanced,190,64.4
All Institution Type,2015/16,19-23,White and Asian,4+,Higher,-,41.2
All Institution Type,2015/16,19-23,White and Asian,All Levels,All,450,59.3
All Institution Type,2015/16,19-23,White and Black African,2,Intermediate,180,53.6
All Institution Type,2015/16,19-23,White and Black African,3,Advanced,100,58.3
All Institution Type,2015/16,19-23,White and Black African,4+,Higher,-,28.6
All Institution Type,2015/16,19-23,White and Black African,All Levels,All,280,54.6
All Institution Type,2015/16,19-23,White and Black Caribbean,2,Intermediate,830,50.2
All Institution Type,2015/16,19-23,White and Black Caribbean,3,Advanced,470,55.5
All Institution Type,2015/16,19-23,White and Black Caribbean,4+,Higher,-,42.9
All Institution Type,2015/16,19-23,White and Black Caribbean,All Levels,All,"1,330",52.0
All Institution Type,2015/16,24+,African,2,Intermediate,"3,010",58.4
All Institution Type,2015/16,24+,African,3,Advanced,"1,950",57.4
All Institution Type,2015/16,24+,African,4+,Higher,270,45.7
All Institution Type,2015/16,24+,African,All Levels,All,"5,230",57.4
All Institution Type,2015/16,24+,Any other Asian,2,Intermediate,"1,430",53.1
All Institution Type,2015/16,24+,Any other Asian,3,Advanced,710,52.3
All Institution Type,2015/16,24+,Any other Asian,4+,Higher,90,40.7
All Institution Type,2015/16,24+,Any other Asian,All Levels,All,"2,230",52.3
All Institution Type,2015/16,24+,Any other Black / African / Caribbean,2,Intermediate,770,51.6
All Institution Type,2015/16,24+,Any other Black / African / Caribbean,3,Advanced,540,47.5
All Institution Type,2015/16,24+,Any other Black / African / Caribbean,4+,Higher,70,37.1
All Institution Type,2015/16,24+,Any other Black / African / Caribbean,All Levels,All,"1,370",49.2
All Institution Type,2015/16,24+,Any other ethnic group,2,Intermediate,"1,010",51.5
All Institution Type,2015/16,24+,Any other ethnic group,3,Advanced,410,50.6
All Institution Type,2015/16,24+,Any other ethnic group,4+,Higher,40,51.4
All Institution Type,2015/16,24+,Any other ethnic group,All Levels,All,"1,450",51.3
All Institution Type,2015/16,24+,Any other mixed / multiple ethnic,2,Intermediate,600,56.6
All Institution Type,2015/16,24+,Any other mixed / multiple ethnic,3,Advanced,360,53.7
All Institution Type,2015/16,24+,Any other mixed / multiple ethnic,4+,Higher,50,55.3
All Institution Type,2015/16,24+,Any other mixed / multiple ethnic,All Levels,All,"1,010",55.5
All Institution Type,2015/16,24+,Any other White,2,Intermediate,"9,220",57.5
All Institution Type,2015/16,24+,Any other White,3,Advanced,"3,840",56.1
All Institution Type,2015/16,24+,Any other White,4+,Higher,320,44.8
All Institution Type,2015/16,24+,Any other White,All Levels,All,"13,370",56.8
All Institution Type,2015/16,24+,Arab,2,Intermediate,120,55.6
All Institution Type,2015/16,24+,Arab,3,Advanced,50,59.3
All Institution Type,2015/16,24+,Arab,4+,Higher,-,40.0
All Institution Type,2015/16,24+,Arab,All Levels,All,180,56.3
All Institution Type,2015/16,24+,Bangladeshi,2,Intermediate,810,70.6
All Institution Type,2015/16,24+,Bangladeshi,3,Advanced,220,52.9
All Institution Type,2015/16,24+,Bangladeshi,4+,Higher,-,45.8
All Institution Type,2015/16,24+,Bangladeshi,All Levels,All,"1,060",66.3
All Institution Type,2015/16,24+,Caribbean,2,Intermediate,"1,270",52.7
All Institution Type,2015/16,24+,Caribbean,3,Advanced,860,52.0
All Institution Type,2015/16,24+,Caribbean,4+,Higher,130,57.6
All Institution Type,2015/16,24+,Caribbean,All Levels,All,"2,260",52.7
All Institution Type,2015/16,24+,Chinese,2,Intermediate,160,56.2
All Institution Type,2015/16,24+,Chinese,3,Advanced,90,60.0
All Institution Type,2015/16,24+,Chinese,4+,Higher,-,33.3
All Institution Type,2015/16,24+,Chinese,All Levels,All,260,56.6
All Institution Type,2015/16,24+,English / Welsh / Scottish / Northern Irish / British,2,Intermediate,"75,440",56.9
All Institution Type,2015/16,24+,English / Welsh / Scottish / Northern Irish / British,3,Advanced,"51,960",55.0
All Institution Type,2015/16,24+,English / Welsh / Scottish / Northern Irish / British,4+,Higher,"7,110",46.9
All Institution Type,2015/16,24+,English / Welsh / Scottish / Northern Irish / British,All Levels,All,"134,510",55.6
All Institution Type,2015/16,24+,Gypsy or Irish Traveller,2,Intermediate,40,55.8
All Institution Type,2015/16,24+,Gypsy or Irish Traveller,3,Advanced,-,56.3
All Institution Type,2015/16,24+,Gypsy or Irish Traveller,All Levels,All,60,54.8
All Institution Type,2015/16,24+,Indian,2,Intermediate,"1,960",48.6
All Institution Type,2015/16,24+,Indian,3,Advanced,950,50.6
All Institution Type,2015/16,24+,Indian,4+,Higher,170,54.5
All Institution Type,2015/16,24+,Indian,All Levels,All,"3,080",49.6
All Institution Type,2015/16,24+,Irish,2,Intermediate,400,50.0
All Institution Type,2015/16,24+,Irish,3,Advanced,240,48.8
All Institution Type,2015/16,24+,Irish,4+,Higher,-,52.0
All Institution Type,2015/16,24+,Irish,All Levels,All,660,49.6
All Institution Type,2015/16,24+,Not Provided,2,Intermediate,"1,310",54.8
All Institution Type,2015/16,24+,Not Provided,3,Advanced,870,58.4
All Institution Type,2015/16,24+,Not Provided,4+,Higher,150,68.5
All Institution Type,2015/16,24+,Not Provided,All Levels,All,"2,330",57.0
All Institution Type,2015/16,24+,Pakistani,2,Intermediate,"1,510",61.3
All Institution Type,2015/16,24+,Pakistani,3,Advanced,650,54.0
All Institution Type,2015/16,24+,Pakistani,4+,Higher,90,50.6
All Institution Type,2015/16,24+,Pakistani,All Levels,All,"2,240",58.8
All Institution Type,2015/16,24+,White and Asian,2,Intermediate,300,50.0
All Institution Type,2015/16,24+,White and Asian,3,Advanced,170,55.0
All Institution Type,2015/16,24+,White and Asian,4+,Higher,-,53.6
All Institution Type,2015/16,24+,White and Asian,All Levels,All,500,51.9
All Institution Type,2015/16,24+,White and Black African,2,Intermediate,350,49.7
All Institution Type,2015/16,24+,White and Black African,3,Advanced,240,47.5
All Institution Type,2015/16,24+,White and Black African,4+,Higher,40,47.2
All Institution Type,2015/16,24+,White and Black African,All Levels,All,620,48.7
All Institution Type,2015/16,24+,White and Black Caribbean,2,Intermediate,720,51.0
All Institution Type,2015/16,24+,White and Black Caribbean,3,Advanced,410,49.8
All Institution Type,2015/16,24+,White and Black Caribbean,4+,Higher,60,48.3
All Institution Type,2015/16,24+,White and Black Caribbean,All Levels,All,"1,190",50.4
All Institution Type,2015/16,All Age,African,2,Intermediate,"3,830",56.6
All Institution Type,2015/16,All Age,African,3,Advanced,"2,680",59.4
All Institution Type,2015/16,All Age,African,4+,Higher,280,44.9
All Institution Type,2015/16,All Age,African,All Levels,All,"6,790",57.2
All Institution Type,2015/16,All Age,Any other Asian,2,Intermediate,"2,180",54.9
All Institution Type,2015/16,All Age,Any other Asian,3,Advanced,"1,160",58.0
All Institution Type,2015/16,All Age,Any other Asian,4+,Higher,120,36.9
All Institution Type,2015/16,All Age,Any other Asian,All Levels,All,"3,450",55.3
All Institution Type,2015/16,All Age,Any other Black / African / Caribbean,2,Intermediate,"1,250",51.8
All Institution Type,2015/16,All Age,Any other Black / African / Caribbean,3,Advanced,840,47.4
All Institution Type,2015/16,All Age,Any other Black / African / Caribbean,4+,Higher,80,35.4
All Institution Type,2015/16,All Age,Any other Black / African / Caribbean,All Levels,All,"2,170",49.5
All Institution Type,2015/16,All Age,Any other ethnic group,2,Intermediate,"1,600",54.5
All Institution Type,2015/16,All Age,Any other ethnic group,3,Advanced,810,61.3
All Institution Type,2015/16,All Age,Any other ethnic group,4+,Higher,50,42.6
All Institution Type,2015/16,All Age,Any other ethnic group,All Levels,All,"2,460",56.5
All Institution Type,2015/16,All Age,Any other mixed / multiple ethnic,2,Intermediate,"1,320",54.2
All Institution Type,2015/16,All Age,Any other mixed / multiple ethnic,3,Advanced,810,53.7
All Institution Type,2015/16,All Age,Any other mixed / multiple ethnic,4+,Higher,70,53.7
All Institution Type,2015/16,All Age,Any other mixed / multiple ethnic,All Levels,All,"2,190",54.0
All Institution Type,2015/16,All Age,Any other White,2,Intermediate,"11,850",56.8
All Institution Type,2015/16,All Age,Any other White,3,Advanced,"4,920",56.8
All Institution Type,2015/16,All Age,Any other White,4+,Higher,350,42.9
All Institution Type,2015/16,All Age,Any other White,All Levels,All,"17,130",56.5
All Institution Type,2015/16,All Age,Arab,2,Intermediate,210,54.9
All Institution Type,2015/16,All Age,Arab,3,Advanced,110,61.8
All Institution Type,2015/16,All Age,Arab,4+,Higher,-,44.4
All Institution Type,2015/16,All Age,Arab,All Levels,All,330,56.9
All Institution Type,2015/16,All Age,Bangladeshi,2,Intermediate,"2,550",65.8
All Institution Type,2015/16,All Age,Bangladeshi,3,Advanced,730,52.9
All Institution Type,2015/16,All Age,Bangladeshi,4+,Higher,50,30.8
All Institution Type,2015/16,All Age,Bangladeshi,All Levels,All,"3,330",62.4
All Institution Type,2015/16,All Age,Caribbean,2,Intermediate,"2,440",51.0
All Institution Type,2015/16,All Age,Caribbean,3,Advanced,"1,570",52.3
All Institution Type,2015/16,All Age,Caribbean,4+,Higher,160,53.1
All Institution Type,2015/16,All Age,Caribbean,All Levels,All,"4,170",51.5
All Institution Type,2015/16,All Age,Chinese,2,Intermediate,230,57.1
All Institution Type,2015/16,All Age,Chinese,3,Advanced,130,63.8
All Institution Type,2015/16,All Age,Chinese,4+,Higher,-,23.5
All Institution Type,2015/16,All Age,Chinese,All Levels,All,380,57.9
All Institution Type,2015/16,All Age,English / Welsh / Scottish / Northern Irish / British,2,Intermediate,"198,050",59.7
All Institution Type,2015/16,All Age,English / Welsh / Scottish / Northern Irish / British,3,Advanced,"121,600",60.0
All Institution Type,2015/16,All Age,English / Welsh / Scottish / Northern Irish / British,4+,Higher,"9,850",44.3
All Institution Type,2015/16,All Age,English / Welsh / Scottish / Northern Irish / British,All Levels,All,"329,500",59.3
All Institution Type,2015/16,All Age,Gypsy or Irish Traveller,2,Intermediate,100,49.0
All Institution Type,2015/16,All Age,Gypsy or Irish Traveller,3,Advanced,30,42.4
All Institution Type,2015/16,All Age,Gypsy or Irish Traveller,All Levels,All,130,47.0
All Institution Type,2015/16,All Age,Indian,2,Intermediate,"3,090",52.6
All Institution Type,2015/16,All Age,Indian,3,Advanced,"1,760",56.8
All Institution Type,2015/16,All Age,Indian,4+,Higher,240,49.0
All Institution Type,2015/16,All Age,Indian,All Levels,All,"5,090",53.9
All Institution Type,2015/16,All Age,Irish,2,Intermediate,780,50.1
All Institution Type,2015/16,All Age,Irish,3,Advanced,440,56.1
All Institution Type,2015/16,All Age,Irish,4+,Higher,-,46.4
All Institution Type,2015/16,All Age,Irish,All Levels,All,"1,250",52.2
All Institution Type,2015/16,All Age,Not Provided,2,Intermediate,"2,750",56.5
All Institution Type,2015/16,All Age,Not Provided,3,Advanced,"1,580",58.5
All Institution Type,2015/16,All Age,Not Provided,4+,Higher,170,67.3
All Institution Type,2015/16,All Age,Not Provided,All Levels,All,"4,500",57.6
All Institution Type,2015/16,All Age,Pakistani,2,Intermediate,"3,210",58.7
All Institution Type,2015/16,All Age,Pakistani,3,Advanced,"1,570",57.4
All Institution Type,2015/16,All Age,Pakistani,4+,Higher,130,44.4
All Institution Type,2015/16,All Age,Pakistani,All Levels,All,"4,920",57.9
All Institution Type,2015/16,All Age,White and Asian,2,Intermediate,800,54.9
All Institution Type,2015/16,All Age,White and Asian,3,Advanced,500,59.8
All Institution Type,2015/16,All Age,White and Asian,4+,Higher,50,51.1
All Institution Type,2015/16,All Age,White and Asian,All Levels,All,"1,350",56.5
All Institution Type,2015/16,All Age,White and Black African,2,Intermediate,680,48.9
All Institution Type,2015/16,All Age,White and Black African,3,Advanced,430,53.6
All Institution Type,2015/16,All Age,White and Black African,4+,Higher,50,41.3
All Institution Type,2015/16,All Age,White and Black African,All Levels,All,"1,150",50.3
All Institution Type,2015/16,All Age,White and Black Caribbean,2,Intermediate,"2,430",50.9
All Institution Type,2015/16,All Age,White and Black Caribbean,3,Advanced,"1,310",55.1
All Institution Type,2015/16,All Age,White and Black Caribbean,4+,Higher,80,45.2
